Name,Gender,Status,Species,Location,nEpisode_Appeared,Image
Rick Sanchez ,Male,Alive,Human,Citadel of Ricks,51,https://rickandmortyapi.com/api/character/avatar/1.jpeg
Morty Smith ,Male,Alive,Human,Citadel of Ricks,51,https://rickandmortyapi.com/api/character/avatar/2.jpeg
Summer Smith ,Female,Alive,Human,Earth (Replacement Dimension),42,https://rickandmortyapi.com/api/character/avatar/3.jpeg
Beth Smith ,Female,Alive,Human,Earth (Replacement Dimension),42,https://rickandmortyapi.com/api/character/avatar/4.jpeg
Jerry Smith ,Male,Alive,Human,Earth (Replacement Dimension),39,https://rickandmortyapi.com/api/character/avatar/5.jpeg
Abadango Cluster Princess ,Female,Alive,Alien,Abadango,1,https://rickandmortyapi.com/api/character/avatar/6.jpeg
Abradolf Lincler ,Male,unknown,Human,Testicle Monster Dimension,2,https://rickandmortyapi.com/api/character/avatar/7.jpeg
Adjudicator Rick ,Male,Dead,Human,Citadel of Ricks,1,https://rickandmortyapi.com/api/character/avatar/8.jpeg
Agency Director ,Male,Dead,Human,Earth (Replacement Dimension),1,https://rickandmortyapi.com/api/character/avatar/9.jpeg
Alan Rails ,Male,Dead,Human,Worldender's lair,1,https://rickandmortyapi.com/api/character/avatar/10.jpeg
Albert Einstein ,Male,Dead,Human,Earth (Replacement Dimension),1,https://rickandmortyapi.com/api/character/avatar/11.jpeg
Alexander ,Male,Dead,Human,Anatomy Park,1,https://rickandmortyapi.com/api/character/avatar/12.jpeg
Alien Googah ,unknown,unknown,Alien,Earth (Replacement Dimension),1,https://rickandmortyapi.com/api/character/avatar/13.jpeg
Alien Morty ,Male,unknown,Alien,Citadel of Ricks,1,https://rickandmortyapi.com/api/character/avatar/14.jpeg
Alien Rick ,Male,unknown,Alien,Citadel of Ricks,1,https://rickandmortyapi.com/api/character/avatar/15.jpeg
Amish Cyborg ,Male,Dead,Alien,Earth (Replacement Dimension),1,https://rickandmortyapi.com/api/character/avatar/16.jpeg
Annie ,Female,Alive,Human,Anatomy Park,1,https://rickandmortyapi.com/api/character/avatar/17.jpeg
Antenna Morty ,Male,Alive,Human,Citadel of Ricks,2,https://rickandmortyapi.com/api/character/avatar/18.jpeg
Antenna Rick ,Male,unknown,Human,unknown,1,https://rickandmortyapi.com/api/character/avatar/19.jpeg
Ants in my Eyes Johnson ,Male,unknown,Human,Interdimensional Cable,1,https://rickandmortyapi.com/api/character/avatar/20.jpeg
Aqua Morty ,Male,unknown,Humanoid,Citadel of Ricks,2,https://rickandmortyapi.com/api/character/avatar/21.jpeg
Aqua Rick ,Male,unknown,Humanoid,Citadel of Ricks,3,https://rickandmortyapi.com/api/character/avatar/22.jpeg
Arcade Alien ,Male,unknown,Alien,Immortality Field Resort,5,https://rickandmortyapi.com/api/character/avatar/23.jpeg
Armagheadon ,Male,Alive,Alien,Signus 5 Expanse,1,https://rickandmortyapi.com/api/character/avatar/24.jpeg
Armothy ,Male,Dead,unknown,Post-Apocalyptic Earth,1,https://rickandmortyapi.com/api/character/avatar/25.jpeg
Arthricia ,Female,Alive,Alien,Purge Planet,1,https://rickandmortyapi.com/api/character/avatar/26.jpeg
Artist Morty ,Male,Alive,Human,Citadel of Ricks,2,https://rickandmortyapi.com/api/character/avatar/27.jpeg
Attila Starwar ,Male,Alive,Human,Interdimensional Cable,3,https://rickandmortyapi.com/api/character/avatar/28.jpeg
Baby Legs ,Male,Alive,Human,Interdimensional Cable,1,https://rickandmortyapi.com/api/character/avatar/29.jpeg
Baby Poopybutthole ,Male,Alive,Poopybutthole,unknown,1,https://rickandmortyapi.com/api/character/avatar/30.jpeg
Baby Wizard ,Male,Dead,Alien,Earth (Replacement Dimension),1,https://rickandmortyapi.com/api/character/avatar/31.jpeg
Bearded Lady ,Female,Dead,Alien,Earth (Replacement Dimension),1,https://rickandmortyapi.com/api/character/avatar/32.jpeg
Beebo ,Male,Dead,Alien,Venzenulon 7,1,https://rickandmortyapi.com/api/character/avatar/33.jpeg
Benjamin ,Male,Alive,Poopybutthole,Interdimensional Cable,3,https://rickandmortyapi.com/api/character/avatar/34.jpeg
Bepisian ,unknown,Alive,Alien,Bepis 9,4,https://rickandmortyapi.com/api/character/avatar/35.jpeg
Beta-Seven ,unknown,Alive,Alien,unknown,1,https://rickandmortyapi.com/api/character/avatar/36.jpeg
Beth Sanchez ,Female,Alive,Human,Earth (C-500A),1,https://rickandmortyapi.com/api/character/avatar/37.jpeg
Beth Smith II,Female,Alive,Human,Earth (C-137),8,https://rickandmortyapi.com/api/character/avatar/38.jpeg
Beth Smith III,Female,Alive,Human,Earth (Evil Rick's Target Dimension),1,https://rickandmortyapi.com/api/character/avatar/39.jpeg
Beth's Mytholog ,Female,Dead,Mythological Creature,Nuptia 4,1,https://rickandmortyapi.com/api/character/avatar/40.jpeg
Big Boobed Waitress ,Female,Alive,Mythological Creature,Fantasy World,1,https://rickandmortyapi.com/api/character/avatar/41.jpeg
Big Head Morty ,Male,unknown,Human,Citadel of Ricks,1,https://rickandmortyapi.com/api/character/avatar/42.jpeg
Big Morty ,Male,Dead,Human,Citadel of Ricks,1,https://rickandmortyapi.com/api/character/avatar/43.jpeg
Body Guard Morty ,Male,Dead,Human,Citadel of Ricks,1,https://rickandmortyapi.com/api/character/avatar/44.jpeg
Bill ,Male,Alive,Human,Earth (C-137),1,https://rickandmortyapi.com/api/character/avatar/45.jpeg
Bill II,Male,unknown,Animal,unknown,1,https://rickandmortyapi.com/api/character/avatar/46.jpeg
Birdperson ,Male,Alive,Alien,Planet Squanch,7,https://rickandmortyapi.com/api/character/avatar/47.jpeg
Black Rick ,Male,Alive,Human,Citadel of Ricks,2,https://rickandmortyapi.com/api/character/avatar/48.jpeg
Blamph ,unknown,Alive,Alien,Interdimensional Cable,1,https://rickandmortyapi.com/api/character/avatar/49.jpeg
Blim Blam ,Male,Alive,Alien,Earth (Replacement Dimension),1,https://rickandmortyapi.com/api/character/avatar/50.jpeg
Blue Diplomat ,Male,Alive,Alien,Interdimensional Cable,1,https://rickandmortyapi.com/api/character/avatar/51.jpeg
Blue Footprint Guy ,Male,Dead,Human,Post-Apocalyptic Earth,1,https://rickandmortyapi.com/api/character/avatar/52.jpeg
Blue Shirt Morty ,Male,unknown,Human,Citadel of Ricks,1,https://rickandmortyapi.com/api/character/avatar/53.jpeg
Bobby Moynihan ,Male,Alive,Human,Interdimensional Cable,1,https://rickandmortyapi.com/api/character/avatar/54.jpeg
Boobloosian ,unknown,Dead,Alien,Nuptia 4,2,https://rickandmortyapi.com/api/character/avatar/55.jpeg
Bootleg Portal Chemist Rick ,Male,Dead,Human,Citadel of Ricks,1,https://rickandmortyapi.com/api/character/avatar/56.jpeg
Borpocian ,Male,Alive,Alien,unknown,1,https://rickandmortyapi.com/api/character/avatar/57.jpeg
Brad ,Male,Alive,Human,Earth (Replacement Dimension),4,https://rickandmortyapi.com/api/character/avatar/58.jpeg
Brad Anderson ,Male,Dead,Human,Earth (Replacement Dimension),1,https://rickandmortyapi.com/api/character/avatar/59.jpeg
Calypso ,Female,Dead,Human,unknown,1,https://rickandmortyapi.com/api/character/avatar/60.jpeg
Campaign Manager Morty ,Male,Dead,Human,Citadel of Ricks,1,https://rickandmortyapi.com/api/character/avatar/61.jpeg
Canklanker Thom ,Male,Dead,Alien,unknown,1,https://rickandmortyapi.com/api/character/avatar/62.jpeg
Centaur ,Male,Alive,Mythological Creature,Mr. Goldenfold's dream,1,https://rickandmortyapi.com/api/character/avatar/63.jpeg
Chris ,unknown,Dead,Alien,Earth (Replacement Dimension),1,https://rickandmortyapi.com/api/character/avatar/64.jpeg
Chris II,Male,Alive,Humanoid,Rick's Battery Microverse,1,https://rickandmortyapi.com/api/character/avatar/65.jpeg
Coach Feratu (Balik Alistane) ,Male,Dead,Mythological Creature,Earth (Replacement Dimension),1,https://rickandmortyapi.com/api/character/avatar/66.jpeg
Collector ,Male,Alive,Alien,The Menagerie,1,https://rickandmortyapi.com/api/character/avatar/67.jpeg
Colossus ,Male,Dead,Human,Post-Apocalyptic Earth,1,https://rickandmortyapi.com/api/character/avatar/68.jpeg
Commander Rick ,Male,Dead,Human,Citadel of Ricks,1,https://rickandmortyapi.com/api/character/avatar/69.jpeg
Concerto ,Male,Dead,Humanoid,unknown,1,https://rickandmortyapi.com/api/character/avatar/70.jpeg
Conroy ,unknown,Dead,Robot,Earth (C-137),1,https://rickandmortyapi.com/api/character/avatar/71.jpeg
Cool Rick ,Male,Alive,Human,Citadel of Ricks,1,https://rickandmortyapi.com/api/character/avatar/72.jpeg
Cop Morty ,Male,Dead,Human,Citadel of Ricks,1,https://rickandmortyapi.com/api/character/avatar/73.jpeg
Cop Rick ,Male,Alive,Human,Citadel of Ricks,1,https://rickandmortyapi.com/api/character/avatar/74.jpeg
Courier Flap ,unknown,Alive,Alien,Planet Squanch,1,https://rickandmortyapi.com/api/character/avatar/75.jpeg
Cousin Nicky ,Male,Dead,Alien,Earth (Replacement Dimension),1,https://rickandmortyapi.com/api/character/avatar/76.jpeg
Cowboy Morty ,Male,Alive,Human,Citadel of Ricks,1,https://rickandmortyapi.com/api/character/avatar/77.jpeg
Cowboy Rick ,Male,Alive,Human,Citadel of Ricks,2,https://rickandmortyapi.com/api/character/avatar/78.jpeg
Crab Spider ,unknown,Alive,Alien,Hideout Planet,1,https://rickandmortyapi.com/api/character/avatar/79.jpeg
Creepy Little Girl ,Female,Alive,Human,Mr. Goldenfold's dream,1,https://rickandmortyapi.com/api/character/avatar/80.jpeg
Crocubot ,Male,Dead,Animal,Worldender's lair,1,https://rickandmortyapi.com/api/character/avatar/81.jpeg
Cronenberg Rick ,Male,unknown,Cronenberg,Earth (C-137),2,https://rickandmortyapi.com/api/character/avatar/82.jpeg
Cronenberg Morty ,Male,unknown,Cronenberg,Earth (C-137),2,https://rickandmortyapi.com/api/character/avatar/83.jpeg
Cult Leader Morty ,Male,Alive,Human,Hideout Planet,1,https://rickandmortyapi.com/api/character/avatar/84.jpeg
Cyclops Morty ,Male,Alive,Humanoid,Citadel of Ricks,2,https://rickandmortyapi.com/api/character/avatar/85.jpeg
Cyclops Rick ,Male,Dead,Humanoid,Citadel of Ricks,3,https://rickandmortyapi.com/api/character/avatar/86.jpeg
Cynthia ,Female,Dead,Alien,Zigerion's Base,1,https://rickandmortyapi.com/api/character/avatar/87.jpeg
Cynthia II,Female,Alive,Human,Earth (Replacement Dimension),4,https://rickandmortyapi.com/api/character/avatar/88.jpeg
Dale ,Male,Dead,Mythological Creature,Giant's Town,1,https://rickandmortyapi.com/api/character/avatar/89.jpeg
Daron Jefferson ,Male,Alive,Alien,Unity's Planet,1,https://rickandmortyapi.com/api/character/avatar/90.jpeg
David Letterman ,Male,Alive,Human,Earth (C-500A),1,https://rickandmortyapi.com/api/character/avatar/91.jpeg
Davin ,Male,Dead,Human,Earth (C-137),2,https://rickandmortyapi.com/api/character/avatar/92.jpeg
Diablo Verde ,Male,Dead,Mythological Creature,Dorian 5,1,https://rickandmortyapi.com/api/character/avatar/93.jpeg
Diane Sanchez ,Female,Dead,Human,Rick's Memories,2,https://rickandmortyapi.com/api/character/avatar/94.jpeg
Dipper and Mabel Mortys ,unknown,unknown,Human,Citadel of Ricks,1,https://rickandmortyapi.com/api/character/avatar/95.jpeg
Tuberculosis ,unknown,Dead,Disease,Anatomy Park,1,https://rickandmortyapi.com/api/character/avatar/96.jpeg
Gonorrhea ,unknown,Dead,Disease,Anatomy Park,1,https://rickandmortyapi.com/api/character/avatar/97.jpeg
Hepatitis A ,unknown,Dead,Disease,Anatomy Park,1,https://rickandmortyapi.com/api/character/avatar/98.jpeg
Hepatitis C ,unknown,Dead,Disease,Anatomy Park,1,https://rickandmortyapi.com/api/character/avatar/99.jpeg
Bubonic Plague ,unknown,Dead,Disease,Anatomy Park,1,https://rickandmortyapi.com/api/character/avatar/100.jpeg
E. Coli ,unknown,Dead,Disease,Anatomy Park,1,https://rickandmortyapi.com/api/character/avatar/101.jpeg
Donna Gueterman ,Female,Dead,Robot,Planet Squanch,1,https://rickandmortyapi.com/api/character/avatar/102.jpeg
Doofus Rick ,Male,unknown,Human,Earth (Replacement Dimension),2,https://rickandmortyapi.com/api/character/avatar/103.jpeg
Doom-Nomitron ,unknown,Dead,Alien,Dorian 5,1,https://rickandmortyapi.com/api/character/avatar/104.jpeg
Dr. Glip-Glop ,Male,Dead,Alien,St. Gloopy Noops Hospital,1,https://rickandmortyapi.com/api/character/avatar/105.jpeg
Dr. Schmidt ,Male,unknown,Human,Roy: A Life Well Lived,1,https://rickandmortyapi.com/api/character/avatar/106.jpeg
Dr. Wong ,Female,Alive,Human,Earth (Replacement Dimension),2,https://rickandmortyapi.com/api/character/avatar/107.jpeg
Dr. Xenon Bloom ,Male,Dead,Humanoid,Anatomy Park,1,https://rickandmortyapi.com/api/character/avatar/108.jpeg
Duck With Muscles ,Male,Dead,Alien,Earth (Replacement Dimension),1,https://rickandmortyapi.com/api/character/avatar/109.jpeg
Eli ,Male,Alive,Human,Post-Apocalyptic Earth,1,https://rickandmortyapi.com/api/character/avatar/110.jpeg
Eli's Girlfriend ,Female,Alive,Human,Post-Apocalyptic Earth,1,https://rickandmortyapi.com/api/character/avatar/111.jpeg
Eric McMan ,Male,Alive,Human,Earth (C-137),1,https://rickandmortyapi.com/api/character/avatar/112.jpeg
Eric Stoltz Mask Morty ,Male,unknown,Human,Earth (Replacement Dimension),1,https://rickandmortyapi.com/api/character/avatar/113.jpeg
Ethan ,Male,unknown,Human,Earth (C-137),1,https://rickandmortyapi.com/api/character/avatar/114.jpeg
Ethan II,Male,Alive,Human,Earth (Replacement Dimension),2,https://rickandmortyapi.com/api/character/avatar/115.jpeg
Evil Beth Clone ,Female,Dead,Human,Earth (C-137),1,https://rickandmortyapi.com/api/character/avatar/116.jpeg
Evil Jerry Clone ,Male,Dead,Human,Earth (C-137),1,https://rickandmortyapi.com/api/character/avatar/117.jpeg
Evil Morty ,Male,Alive,Human,Citadel of Ricks,3,https://rickandmortyapi.com/api/character/avatar/118.jpeg
Evil Rick ,Male,Dead,Humanoid,Citadel of Ricks,1,https://rickandmortyapi.com/api/character/avatar/119.jpeg
Evil Summer Clone ,Female,Dead,Human,Earth (C-137),1,https://rickandmortyapi.com/api/character/avatar/120.jpeg
Eyehole Man ,Male,Alive,Alien,Interdimensional Cable,1,https://rickandmortyapi.com/api/character/avatar/121.jpeg
Fart ,Male,Dead,Alien,unknown,1,https://rickandmortyapi.com/api/character/avatar/122.jpeg
Fat Morty ,Male,Alive,Human,Citadel of Ricks,1,https://rickandmortyapi.com/api/character/avatar/123.jpeg
Father Bob ,Male,Alive,Human,Earth (Replacement Dimension),2,https://rickandmortyapi.com/api/character/avatar/124.jpeg
Flansian ,unknown,Alive,Alien,Planet Squanch,3,https://rickandmortyapi.com/api/character/avatar/125.jpeg
Fleeb ,unknown,unknown,Alien,Interdimensional Cable,1,https://rickandmortyapi.com/api/character/avatar/126.jpeg
Frank Palicky ,Male,Dead,Human,Earth (C-137),1,https://rickandmortyapi.com/api/character/avatar/127.jpeg
Frankenstein's Monster ,Male,Dead,Alien,Earth (Replacement Dimension),1,https://rickandmortyapi.com/api/character/avatar/128.jpeg
Fulgora ,Female,Alive,Human,Interdimensional Cable,3,https://rickandmortyapi.com/api/character/avatar/129.jpeg
Galactic Federation President ,Male,Dead,Alien,unknown,1,https://rickandmortyapi.com/api/character/avatar/130.jpeg
Gar Gloonch ,Male,Dead,Alien,Nuptia 4,3,https://rickandmortyapi.com/api/character/avatar/131.jpeg
Gar's Mytholog ,Male,Dead,Mythological Creature,Nuptia 4,1,https://rickandmortyapi.com/api/character/avatar/132.jpeg
Garblovian ,Male,Alive,Alien,unknown,3,https://rickandmortyapi.com/api/character/avatar/133.jpeg
Garmanarnar ,Male,Alive,Alien,Interdimensional Cable,1,https://rickandmortyapi.com/api/character/avatar/134.jpeg
Garment District Rick ,Male,Dead,Human,Citadel of Ricks,1,https://rickandmortyapi.com/api/character/avatar/135.jpeg
Gazorpazorpfield ,Male,Alive,Alien,Interdimensional Cable,2,https://rickandmortyapi.com/api/character/avatar/136.jpeg
Gene ,Male,Alive,Human,Earth (Replacement Dimension),2,https://rickandmortyapi.com/api/character/avatar/137.jpeg
General Nathan ,Male,Dead,Human,Earth (Replacement Dimension),1,https://rickandmortyapi.com/api/character/avatar/138.jpeg
General Store Owner ,Male,Dead,Alien,Purge Planet,1,https://rickandmortyapi.com/api/character/avatar/139.jpeg
Genital Washer ,Male,Alive,Human,Post-Apocalyptic Earth,1,https://rickandmortyapi.com/api/character/avatar/140.jpeg
Ghost in a Jar ,Genderless,Dead,Alien,Earth (Replacement Dimension),1,https://rickandmortyapi.com/api/character/avatar/141.jpeg
Gibble Snake ,unknown,Dead,Alien,Resort Planet,1,https://rickandmortyapi.com/api/character/avatar/142.jpeg
Glasses Morty ,Male,Alive,Human,Citadel of Ricks,1,https://rickandmortyapi.com/api/character/avatar/143.jpeg
Glenn ,Male,Dead,Alien,Interdimensional Customs,1,https://rickandmortyapi.com/api/character/avatar/144.jpeg
Glenn II,Male,Alive,Human,Interdimensional Cable,1,https://rickandmortyapi.com/api/character/avatar/145.jpeg
Glexo Slim Slom ,Male,Alive,Alien,Nuptia 4,1,https://rickandmortyapi.com/api/character/avatar/146.jpeg
Gobo ,Male,Dead,Alien,Earth (Replacement Dimension),1,https://rickandmortyapi.com/api/character/avatar/147.jpeg
Goddess Beth ,Female,unknown,Mythological Creature,Nuptia 4,1,https://rickandmortyapi.com/api/character/avatar/148.jpeg
Gordon Lunas ,Male,Dead,Human,Earth (Replacement Dimension),1,https://rickandmortyapi.com/api/character/avatar/149.jpeg
Cornvelious Daniel ,Male,Dead,Alien,Galactic Federation Prison,1,https://rickandmortyapi.com/api/character/avatar/150.jpeg
Gwendolyn ,Female,unknown,Robot,Earth (Replacement Dimension),1,https://rickandmortyapi.com/api/character/avatar/151.jpeg
Hammerhead Morty ,Male,unknown,Humanoid,Citadel of Ricks,2,https://rickandmortyapi.com/api/character/avatar/152.jpeg
Hamster In Butt ,unknown,Alive,Animal,Hamster in Butt World,2,https://rickandmortyapi.com/api/character/avatar/153.jpeg
Hamurai ,Male,Dead,Alien,Earth (Replacement Dimension),1,https://rickandmortyapi.com/api/character/avatar/154.jpeg
Harold ,Male,Alive,Cronenberg,Earth (C-137),1,https://rickandmortyapi.com/api/character/avatar/155.jpeg
Hemorrhage ,Male,Alive,Human,Post-Apocalyptic Earth,1,https://rickandmortyapi.com/api/character/avatar/156.jpeg
Hole in the Wall Where the Men Can See it All ,Genderless,unknown,unknown,Interdimensional Cable,1,https://rickandmortyapi.com/api/character/avatar/157.jpeg
Hookah Alien ,unknown,Alive,Alien,Interdimensional Customs,1,https://rickandmortyapi.com/api/character/avatar/158.jpeg
Hunter ,Male,Dead,Human,Earth (Giant Telepathic Spiders Dimension),1,https://rickandmortyapi.com/api/character/avatar/159.jpeg
Hunter's Father ,Male,Alive,Human,Earth (Giant Telepathic Spiders Dimension),1,https://rickandmortyapi.com/api/character/avatar/160.jpeg
Hydrogen-F ,Female,Alive,Alien,Alphabetrium,1,https://rickandmortyapi.com/api/character/avatar/161.jpeg
Ice-T ,Male,Alive,Alien,Alphabetrium,1,https://rickandmortyapi.com/api/character/avatar/162.jpeg
Ideal Jerry ,Male,Dead,Mythological Creature,Nuptia 4,1,https://rickandmortyapi.com/api/character/avatar/163.jpeg
Insurance Rick ,Male,unknown,Human,Citadel of Ricks,1,https://rickandmortyapi.com/api/character/avatar/164.jpeg
Investigator Rick ,Male,Dead,Human,Citadel of Ricks,1,https://rickandmortyapi.com/api/character/avatar/165.jpeg
Invisi-trooper ,Male,Alive,Human,Earth (Replacement Dimension),1,https://rickandmortyapi.com/api/character/avatar/166.jpeg
Izzy ,unknown,Alive,Animal,Earth (Replacement Dimension),1,https://rickandmortyapi.com/api/character/avatar/167.jpeg
Jackie ,Female,Alive,Alien,Gazorpazorp,1,https://rickandmortyapi.com/api/character/avatar/168.jpeg
Jacob ,Male,Alive,Human,Earth (C-137),2,https://rickandmortyapi.com/api/character/avatar/169.jpeg
Jacqueline ,Female,Alive,Human,Earth (Replacement Dimension),1,https://rickandmortyapi.com/api/character/avatar/170.jpeg
Jaguar ,Male,Alive,Human,Earth (Replacement Dimension),1,https://rickandmortyapi.com/api/character/avatar/171.jpeg
Jamey ,Male,Alive,Human,Earth (Replacement Dimension),1,https://rickandmortyapi.com/api/character/avatar/172.jpeg
Jan-Michael Vincent ,Male,Alive,Human,Interdimensional Cable,1,https://rickandmortyapi.com/api/character/avatar/173.jpeg
Jerry 5-126 ,Male,Alive,Human,Jerryboree,1,https://rickandmortyapi.com/api/character/avatar/174.jpeg
Jerry Smith II,Male,Alive,Human,Earth (C-137),7,https://rickandmortyapi.com/api/character/avatar/175.jpeg
Celebrity Jerry ,Male,Alive,Human,Earth (C-500A),1,https://rickandmortyapi.com/api/character/avatar/176.jpeg
Jerry Smith III,Male,Alive,Human,Earth (Evil Rick's Target Dimension),1,https://rickandmortyapi.com/api/character/avatar/177.jpeg
Jerry's Mytholog ,Male,Dead,Mythological Creature,Nuptia 4,1,https://rickandmortyapi.com/api/character/avatar/178.jpeg
Jessica ,Female,Alive,Cronenberg,Earth (C-137),3,https://rickandmortyapi.com/api/character/avatar/179.jpeg
Jessica II,Female,Alive,Human,Earth (Replacement Dimension),12,https://rickandmortyapi.com/api/character/avatar/180.jpeg
Jessica's Friend ,Female,Alive,Human,Earth (Replacement Dimension),8,https://rickandmortyapi.com/api/character/avatar/181.jpeg
Jim ,Male,Alive,Human,Earth (Replacement Dimension),1,https://rickandmortyapi.com/api/character/avatar/182.jpeg
Johnny Depp ,Male,Alive,Human,Earth (C-500A),1,https://rickandmortyapi.com/api/character/avatar/183.jpeg
Jon ,Male,Alive,Alien,Interdimensional Cable,1,https://rickandmortyapi.com/api/character/avatar/184.jpeg
Joseph Eli Lipkip ,Male,Alive,Human,Earth (Replacement Dimension),1,https://rickandmortyapi.com/api/character/avatar/185.jpeg
Joyce Smith ,Female,Alive,Human,Earth (C-137),1,https://rickandmortyapi.com/api/character/avatar/186.jpeg
Juggling Rick ,Male,unknown,Human,Citadel of Ricks,1,https://rickandmortyapi.com/api/character/avatar/187.jpeg
Karen Entity ,Female,Alive,Alien,Unity's Planet,1,https://rickandmortyapi.com/api/character/avatar/188.jpeg
Katarina ,Female,Dead,Human,Earth (Replacement Dimension),1,https://rickandmortyapi.com/api/character/avatar/189.jpeg
Keara ,Female,Alive,Alien,Earth (Replacement Dimension),1,https://rickandmortyapi.com/api/character/avatar/190.jpeg
Kevin ,Male,Dead,Alien,Zigerion's Base,1,https://rickandmortyapi.com/api/character/avatar/191.jpeg
King Flippy Nips ,Male,Alive,Alien,Pluto,1,https://rickandmortyapi.com/api/character/avatar/192.jpeg
King Jellybean ,Male,Dead,Mythological Creature,Fantasy World,1,https://rickandmortyapi.com/api/character/avatar/193.jpeg
Kozbian ,unknown,Alive,Alien,Planet Squanch,1,https://rickandmortyapi.com/api/character/avatar/194.jpeg
Kristen Stewart ,Female,Alive,Human,Earth (C-500A),1,https://rickandmortyapi.com/api/character/avatar/195.jpeg
Krombopulos Michael ,Male,Dead,Alien,unknown,1,https://rickandmortyapi.com/api/character/avatar/196.jpeg
Kyle ,Male,Dead,Humanoid,Kyle's Teenyverse,1,https://rickandmortyapi.com/api/character/avatar/197.jpeg
Lady Katana ,Female,Dead,Humanoid,Dorian 5,1,https://rickandmortyapi.com/api/character/avatar/198.jpeg
Larva Alien ,unknown,Alive,Alien,Planet Squanch,3,https://rickandmortyapi.com/api/character/avatar/199.jpeg
Lawyer Morty ,Male,unknown,Human,Citadel of Ricks,1,https://rickandmortyapi.com/api/character/avatar/200.jpeg
Leonard Smith ,Male,Alive,Human,Earth (C-137),1,https://rickandmortyapi.com/api/character/avatar/201.jpeg
Lighthouse Keeper ,Male,Dead,Alien,Purge Planet,1,https://rickandmortyapi.com/api/character/avatar/202.jpeg
Lil B ,Male,Dead,Alien,Earth (Replacement Dimension),2,https://rickandmortyapi.com/api/character/avatar/203.jpeg
Lisa ,Female,Dead,Alien,Immortality Field Resort,1,https://rickandmortyapi.com/api/character/avatar/204.jpeg
Little Dipper ,Male,Alive,Humanoid,Interdimensional Cable,1,https://rickandmortyapi.com/api/character/avatar/205.jpeg
Lizard Morty ,Male,Alive,Humanoid,Citadel of Ricks,1,https://rickandmortyapi.com/api/character/avatar/206.jpeg
Loggins ,Male,Alive,Alien,Interdimensional Cable,3,https://rickandmortyapi.com/api/character/avatar/207.jpeg
Logic ,Male,Alive,Human,Worldender's lair,1,https://rickandmortyapi.com/api/character/avatar/208.jpeg
Long Sleeved Morty ,Male,unknown,Human,Citadel of Ricks,1,https://rickandmortyapi.com/api/character/avatar/209.jpeg
Lucy ,Female,Dead,Human,Earth (Replacement Dimension),1,https://rickandmortyapi.com/api/character/avatar/210.jpeg
Ma-Sha ,Female,Alive,Alien,Gazorpazorp,1,https://rickandmortyapi.com/api/character/avatar/211.jpeg
Magma-Q ,Male,Dead,Alien,Alphabetrium,1,https://rickandmortyapi.com/api/character/avatar/212.jpeg
Magnesium-J ,Male,Alive,Alien,Alphabetrium,1,https://rickandmortyapi.com/api/character/avatar/213.jpeg
Man Painted Silver Who Makes Robot Noises ,Male,Alive,Human,Interdimensional Cable,1,https://rickandmortyapi.com/api/character/avatar/214.jpeg
Maximums Rickimus ,Male,Dead,Human,Rick's Memories,3,https://rickandmortyapi.com/api/character/avatar/215.jpeg
MC Haps ,Male,Alive,Human,Earth (C-137),3,https://rickandmortyapi.com/api/character/avatar/216.jpeg
Mechanical Morty ,Male,Dead,Robot,Earth (Replacement Dimension),1,https://rickandmortyapi.com/api/character/avatar/217.jpeg
Mechanical Rick ,Male,unknown,Robot,Earth (Replacement Dimension),1,https://rickandmortyapi.com/api/character/avatar/218.jpeg
Mechanical Summer ,Female,unknown,Robot,Earth (Replacement Dimension),1,https://rickandmortyapi.com/api/character/avatar/219.jpeg
Mega Fruit Farmer Rick ,Male,Alive,Human,Citadel of Ricks,1,https://rickandmortyapi.com/api/character/avatar/220.jpeg
Melissa ,Female,Alive,Mythological Creature,Mr. Goldenfold's dream,1,https://rickandmortyapi.com/api/character/avatar/221.jpeg
Michael Denny and the Denny Singers ,Male,Alive,Human,Interdimensional Cable,1,https://rickandmortyapi.com/api/character/avatar/222.jpeg
Michael Jenkins ,Male,Dead,Human,Interdimensional Cable,1,https://rickandmortyapi.com/api/character/avatar/223.jpeg
Michael McLick ,Male,Alive,Human,Interdimensional Cable,1,https://rickandmortyapi.com/api/character/avatar/224.jpeg
Michael Thompson ,Male,Alive,Humanoid,Interdimensional Cable,1,https://rickandmortyapi.com/api/character/avatar/225.jpeg
Million Ants ,Male,Dead,Animal,Worldender's lair,1,https://rickandmortyapi.com/api/character/avatar/226.jpeg
Mitch ,Male,Alive,Human,Earth (Replacement Dimension),1,https://rickandmortyapi.com/api/character/avatar/227.jpeg
Mohawk Guy ,Male,Dead,Human,Post-Apocalyptic Earth,1,https://rickandmortyapi.com/api/character/avatar/228.jpeg
Morty Mart Manager Morty ,Male,Alive,Human,Citadel of Ricks,1,https://rickandmortyapi.com/api/character/avatar/229.jpeg
Morty Jr. ,Male,Alive,Humanoid,Earth (Replacement Dimension),1,https://rickandmortyapi.com/api/character/avatar/230.jpeg
Morty Rick ,Male,unknown,Human,Citadel of Ricks,1,https://rickandmortyapi.com/api/character/avatar/231.jpeg
Morty Smith II,Male,Alive,Human,Earth (Evil Rick's Target Dimension),1,https://rickandmortyapi.com/api/character/avatar/232.jpeg
Morty K-22 ,Male,Alive,Human,Earth (Replacement Dimension),1,https://rickandmortyapi.com/api/character/avatar/233.jpeg
Morty Smith III,Male,Dead,Human,Earth (Replacement Dimension),1,https://rickandmortyapi.com/api/character/avatar/234.jpeg
Mortytown Loco ,Male,Dead,Human,Citadel of Ricks,1,https://rickandmortyapi.com/api/character/avatar/235.jpeg
Mr. Beauregard ,Male,Dead,Alien,Earth (Replacement Dimension),1,https://rickandmortyapi.com/api/character/avatar/236.jpeg
Mr. Benson ,Male,Alive,Human,Earth (Replacement Dimension),1,https://rickandmortyapi.com/api/character/avatar/237.jpeg
Mr. Booby Buyer ,Male,Alive,Mythological Creature,Fantasy World,1,https://rickandmortyapi.com/api/character/avatar/238.jpeg
Mr. Goldenfold ,Male,Alive,Cronenberg,Earth (C-137),4,https://rickandmortyapi.com/api/character/avatar/239.jpeg
Mr. Goldenfold II,Male,Alive,Human,Earth (Replacement Dimension),10,https://rickandmortyapi.com/api/character/avatar/240.jpeg
Mr. Marklovitz ,Male,Alive,Human,Earth (Replacement Dimension),2,https://rickandmortyapi.com/api/character/avatar/241.jpeg
Mr. Meeseeks ,Male,unknown,Humanoid,Earth (Fascist Dimension),5,https://rickandmortyapi.com/api/character/avatar/242.jpeg
Mr. Needful ,Male,Alive,Humanoid,Earth (Replacement Dimension),1,https://rickandmortyapi.com/api/character/avatar/243.jpeg
Mr. Poopybutthole ,Male,Alive,Poopybutthole,Earth (Replacement Dimension),7,https://rickandmortyapi.com/api/character/avatar/244.jpeg
Mrs. Lipkip ,Female,Alive,Human,Earth (Replacement Dimension),1,https://rickandmortyapi.com/api/character/avatar/245.jpeg
Mrs. Pancakes ,Female,Alive,Human,Mr. Goldenfold's dream,2,https://rickandmortyapi.com/api/character/avatar/246.jpeg
Amy Poopybutthole ,Female,Alive,Poopybutthole,unknown,1,https://rickandmortyapi.com/api/character/avatar/247.jpeg
Mrs. Refrigerator ,Female,Dead,Alien,Earth (Replacement Dimension),1,https://rickandmortyapi.com/api/character/avatar/248.jpeg
Mrs. Sanchez ,Female,unknown,Human,unknown,4,https://rickandmortyapi.com/api/character/avatar/249.jpeg
Mrs. Sullivan ,Female,Dead,Human,Interdimensional Cable,1,https://rickandmortyapi.com/api/character/avatar/250.jpeg
Nancy ,Female,Alive,Human,Earth (Replacement Dimension),6,https://rickandmortyapi.com/api/character/avatar/251.jpeg
Noob-Noob ,Male,Alive,Poopybutthole,Vindicator's Base,1,https://rickandmortyapi.com/api/character/avatar/252.jpeg
Numbericon ,unknown,unknown,Alien,Alphabetrium,1,https://rickandmortyapi.com/api/character/avatar/253.jpeg
Octopus Man ,Male,Alive,Humanoid,Interdimensional Cable,1,https://rickandmortyapi.com/api/character/avatar/254.jpeg
Orthodox Jew ,Male,Alive,Human,Earth (Replacement Dimension),1,https://rickandmortyapi.com/api/character/avatar/255.jpeg
Pat Gueterman ,Male,Dead,Robot,Planet Squanch,1,https://rickandmortyapi.com/api/character/avatar/256.jpeg
Paul Fleishman ,Male,Alive,Human,Jerryboree,1,https://rickandmortyapi.com/api/character/avatar/257.jpeg
Pawnshop Clerk ,Male,Alive,Alien,Pawn Shop Planet,1,https://rickandmortyapi.com/api/character/avatar/258.jpeg
Pencilvester ,Male,Dead,Alien,Earth (Replacement Dimension),1,https://rickandmortyapi.com/api/character/avatar/259.jpeg
Phillip Jacobs ,Male,Alive,Human,Interdimensional Cable,1,https://rickandmortyapi.com/api/character/avatar/260.jpeg
Photography Cyborg ,Male,unknown,Robot,Planet Squanch,1,https://rickandmortyapi.com/api/character/avatar/261.jpeg
Photography Raptor ,unknown,Dead,Alien,Earth (Replacement Dimension),1,https://rickandmortyapi.com/api/character/avatar/262.jpeg
Pibbles Bodyguard ,Male,Alive,Alien,St. Gloopy Noops Hospital,1,https://rickandmortyapi.com/api/character/avatar/263.jpeg
Pichael Thompson ,Male,Alive,Humanoid,Interdimensional Cable,1,https://rickandmortyapi.com/api/character/avatar/264.jpeg
Pickle Rick ,Male,Alive,unknown,Earth (Replacement Dimension),1,https://rickandmortyapi.com/api/character/avatar/265.jpeg
Piece of Toast ,Genderless,Alive,unknown,Interdimensional Cable,2,https://rickandmortyapi.com/api/character/avatar/266.jpeg
Plumber Rick ,Male,Alive,Human,Citadel of Ricks,1,https://rickandmortyapi.com/api/character/avatar/267.jpeg
Poncho ,Male,Dead,Human,Anatomy Park,1,https://rickandmortyapi.com/api/character/avatar/268.jpeg
Presidentress of The Mega Gargantuans ,Female,Alive,Humanoid,Mega Gargantuan Kingdom,1,https://rickandmortyapi.com/api/character/avatar/269.jpeg
Prince Nebulon ,Male,Dead,Alien,Zigerion's Base,1,https://rickandmortyapi.com/api/character/avatar/270.jpeg
Principal Vagina ,Male,Alive,Cronenberg,Earth (C-137),3,https://rickandmortyapi.com/api/character/avatar/271.jpeg
Principal Vagina II,Male,Alive,Human,Earth (Replacement Dimension),6,https://rickandmortyapi.com/api/character/avatar/272.jpeg
Purge Planet Ruler ,Male,Dead,Alien,Purge Planet,1,https://rickandmortyapi.com/api/character/avatar/273.jpeg
Quantum Rick ,Male,unknown,Human,Rick's Memories,3,https://rickandmortyapi.com/api/character/avatar/274.jpeg
Randy Dicknose ,Male,Alive,Human,Interdimensional Cable,1,https://rickandmortyapi.com/api/character/avatar/275.jpeg
Rat Boss ,unknown,Dead,Animal,Earth (Replacement Dimension),1,https://rickandmortyapi.com/api/character/avatar/276.jpeg
Real Fake Doors Salesman ,Male,Alive,Human,Interdimensional Cable,1,https://rickandmortyapi.com/api/character/avatar/277.jpeg
Regional Manager Rick ,Male,Dead,Human,Citadel of Ricks,1,https://rickandmortyapi.com/api/character/avatar/278.jpeg
Regular Legs ,Male,Alive,Human,Interdimensional Cable,1,https://rickandmortyapi.com/api/character/avatar/279.jpeg
Reverse Giraffe ,Male,Dead,Alien,Earth (Replacement Dimension),1,https://rickandmortyapi.com/api/character/avatar/280.jpeg
Reverse Rick Outrage ,Male,Dead,Human,Citadel of Ricks,1,https://rickandmortyapi.com/api/character/avatar/281.jpeg
Revolio Clockberg Jr. ,Male,unknown,Alien,Gear World,3,https://rickandmortyapi.com/api/character/avatar/282.jpeg
Rick D. Sanchez III ,Male,Dead,Human,Citadel of Ricks,1,https://rickandmortyapi.com/api/character/avatar/283.jpeg
Rick Guilt Rick ,Male,unknown,Human,Citadel of Ricks,1,https://rickandmortyapi.com/api/character/avatar/284.jpeg
Rick Prime ,Male,Dead,Human,Citadel of Ricks,2,https://rickandmortyapi.com/api/character/avatar/285.jpeg
Rick D-99 ,Male,Dead,Human,Citadel of Ricks,1,https://rickandmortyapi.com/api/character/avatar/286.jpeg
Rick D716 ,Male,Dead,Human,Citadel of Ricks,1,https://rickandmortyapi.com/api/character/avatar/287.jpeg
Rick D716-B ,Male,Alive,Human,Citadel of Ricks,1,https://rickandmortyapi.com/api/character/avatar/288.jpeg
Rick D716-C ,Male,Alive,Human,Citadel of Ricks,1,https://rickandmortyapi.com/api/character/avatar/289.jpeg
Rick Sanchez II,Male,Dead,Human,Earth (Evil Rick's Target Dimension),1,https://rickandmortyapi.com/api/character/avatar/290.jpeg
Rick J-22 ,Male,Alive,Human,Citadel of Ricks,1,https://rickandmortyapi.com/api/character/avatar/291.jpeg
Rick K-22 ,Male,Alive,Human,Earth (Replacement Dimension),1,https://rickandmortyapi.com/api/character/avatar/292.jpeg
Rick Sanchez III,Male,Dead,Human,Earth (Replacement Dimension),1,https://rickandmortyapi.com/api/character/avatar/293.jpeg
Ricktiminus Sancheziminius ,Male,Dead,Human,Rick's Memories,3,https://rickandmortyapi.com/api/character/avatar/294.jpeg
Riq IV ,Male,Dead,Human,Citadel of Ricks,3,https://rickandmortyapi.com/api/character/avatar/295.jpeg
Risotto Groupon ,Male,Dead,Alien,Resort Planet,1,https://rickandmortyapi.com/api/character/avatar/296.jpeg
Risotto's Tentacled Henchman ,Male,Dead,Alien,Resort Planet,1,https://rickandmortyapi.com/api/character/avatar/297.jpeg
Robot Morty ,Male,unknown,Robot,Citadel of Ricks,1,https://rickandmortyapi.com/api/character/avatar/298.jpeg
Robot Rick ,Male,unknown,Robot,Citadel of Ricks,1,https://rickandmortyapi.com/api/character/avatar/299.jpeg
Roger ,Male,Dead,Human,Anatomy Park,1,https://rickandmortyapi.com/api/character/avatar/300.jpeg
Ron Benson ,Male,Alive,Alien,Unity's Planet,1,https://rickandmortyapi.com/api/character/avatar/301.jpeg
Ruben ,Male,Dead,Human,Earth (C-137),1,https://rickandmortyapi.com/api/character/avatar/302.jpeg
Samantha ,Female,Alive,Human,Earth (C-137),1,https://rickandmortyapi.com/api/character/avatar/303.jpeg
Scary Brandon ,Male,Alive,Mythological Creature,Mr. Goldenfold's dream,1,https://rickandmortyapi.com/api/character/avatar/304.jpeg
Scary Glenn ,Male,Alive,Mythological Creature,Mr. Goldenfold's dream,1,https://rickandmortyapi.com/api/character/avatar/305.jpeg
Scary Terry ,Male,Alive,Mythological Creature,Mr. Goldenfold's dream,1,https://rickandmortyapi.com/api/character/avatar/306.jpeg
Scroopy Noopers ,Male,Alive,Alien,Pluto,1,https://rickandmortyapi.com/api/character/avatar/307.jpeg
Scropon ,Male,unknown,Alien,Planet Squanch,2,https://rickandmortyapi.com/api/character/avatar/308.jpeg
Scrotian ,Male,Alive,Animal,Signus 5 Expanse,4,https://rickandmortyapi.com/api/character/avatar/309.jpeg
Self-Congratulatory Jerry ,Male,unknown,Mythological Creature,Nuptia 4,1,https://rickandmortyapi.com/api/character/avatar/310.jpeg
Shimshamian ,Male,Alive,Alien,Planet Squanch,3,https://rickandmortyapi.com/api/character/avatar/311.jpeg
Shlaammi ,unknown,Alive,Alien,Interdimensional Cable,1,https://rickandmortyapi.com/api/character/avatar/312.jpeg
Shleemypants ,Male,Alive,unknown,Snake Planet,2,https://rickandmortyapi.com/api/character/avatar/313.jpeg
Shmlamantha Shmlicelli ,Female,Alive,Human,Interdimensional Cable,1,https://rickandmortyapi.com/api/character/avatar/314.jpeg
Shmlangela Shmlobinson-Shmlower ,Female,Alive,Human,Interdimensional Cable,1,https://rickandmortyapi.com/api/character/avatar/315.jpeg
Shmlona Shmlobinson ,Female,Alive,Human,Interdimensional Cable,1,https://rickandmortyapi.com/api/character/avatar/316.jpeg
Shmlonathan Shmlower ,Male,Alive,Human,Interdimensional Cable,1,https://rickandmortyapi.com/api/character/avatar/317.jpeg
Shmlony Shmlicelli ,Male,Alive,Human,Interdimensional Cable,1,https://rickandmortyapi.com/api/character/avatar/318.jpeg
Shmooglite Runner ,Male,unknown,Alien,Resort Planet,1,https://rickandmortyapi.com/api/character/avatar/319.jpeg
Shnoopy Bloopers ,Male,unknown,Alien,Immortality Field Resort,1,https://rickandmortyapi.com/api/character/avatar/320.jpeg
Shrimply Pibbles ,Male,Alive,Alien,St. Gloopy Noops Hospital,1,https://rickandmortyapi.com/api/character/avatar/321.jpeg
Simple Rick ,Male,Dead,Human,Citadel of Ricks,1,https://rickandmortyapi.com/api/character/avatar/322.jpeg
Slaveowner ,Male,Dead,Human,Post-Apocalyptic Earth,1,https://rickandmortyapi.com/api/character/avatar/323.jpeg
Sleepy Gary ,Male,Dead,Alien,Earth (Replacement Dimension),1,https://rickandmortyapi.com/api/character/avatar/324.jpeg
Slick Morty ,Male,Dead,Human,Citadel of Ricks,1,https://rickandmortyapi.com/api/character/avatar/325.jpeg
Slippery Stair ,Male,Alive,Mythological Creature,Earth (Replacement Dimension),2,https://rickandmortyapi.com/api/character/avatar/326.jpeg
Slow Mobius ,Male,Alive,Humanoid,Earth (Replacement Dimension),1,https://rickandmortyapi.com/api/character/avatar/327.jpeg
Slow Rick ,Male,Alive,Human,Citadel of Ricks,1,https://rickandmortyapi.com/api/character/avatar/328.jpeg
Snuffles (Snowball) ,Male,Alive,Animal,unknown,8,https://rickandmortyapi.com/api/character/avatar/329.jpeg
Solicitor Rick ,Male,unknown,Human,Citadel of Ricks,2,https://rickandmortyapi.com/api/character/avatar/330.jpeg
Squanchy ,Male,unknown,Alien,Planet Squanch,3,https://rickandmortyapi.com/api/character/avatar/331.jpeg
Stacy ,Female,Alive,Human,Earth (Replacement Dimension),1,https://rickandmortyapi.com/api/character/avatar/332.jpeg
Stair Goblin ,Genderless,Alive,Mythological Creature,Fantasy World,3,https://rickandmortyapi.com/api/character/avatar/333.jpeg
Stealy ,Male,Alive,Poopybutthole,Interdimensional Cable,1,https://rickandmortyapi.com/api/character/avatar/334.jpeg
Steve ,Male,Alive,Human,Earth (Replacement Dimension),1,https://rickandmortyapi.com/api/character/avatar/335.jpeg
Steven Phillips ,Male,Alive,Alien,Unity's Planet,1,https://rickandmortyapi.com/api/character/avatar/336.jpeg
Stu ,Male,Dead,Alien,Zigerion's Base,1,https://rickandmortyapi.com/api/character/avatar/337.jpeg
Summer Smith II,Female,Alive,Human,Earth (C-137),7,https://rickandmortyapi.com/api/character/avatar/338.jpeg
Summer Smith III,Female,Alive,Human,Earth (Evil Rick's Target Dimension),1,https://rickandmortyapi.com/api/character/avatar/339.jpeg
Supernova ,Female,Alive,Human,Worldender's lair,1,https://rickandmortyapi.com/api/character/avatar/340.jpeg
Taddy Mason ,Male,Alive,Human,Earth (Replacement Dimension),1,https://rickandmortyapi.com/api/character/avatar/341.jpeg
Taint Washer ,Male,Alive,Human,Post-Apocalyptic Earth,1,https://rickandmortyapi.com/api/character/avatar/342.jpeg
Tammy Guetermann ,Female,Alive,Cronenberg,Earth (C-137),2,https://rickandmortyapi.com/api/character/avatar/343.jpeg
Tammy Guetermann II,Female,Dead,Human,NX-5 Planet Remover,5,https://rickandmortyapi.com/api/character/avatar/344.jpeg
Teacher Rick ,Male,Alive,Human,Citadel of Ricks,1,https://rickandmortyapi.com/api/character/avatar/345.jpeg
Terry ,Male,unknown,Human,Earth (Replacement Dimension),1,https://rickandmortyapi.com/api/character/avatar/346.jpeg
President Curtis ,Male,Alive,Human,Earth (Replacement Dimension),5,https://rickandmortyapi.com/api/character/avatar/347.jpeg
The President of the Miniverse ,Male,Dead,Humanoid,Zeep Xanflorp's Miniverse,1,https://rickandmortyapi.com/api/character/avatar/348.jpeg
The Scientist Formerly Known as Rick ,Male,Dead,Human,unknown,1,https://rickandmortyapi.com/api/character/avatar/349.jpeg
Thomas Lipkip ,Male,unknown,Human,Froopyland,1,https://rickandmortyapi.com/api/character/avatar/350.jpeg
Three Unknown Things ,unknown,Alive,Alien,Interdimensional Cable,1,https://rickandmortyapi.com/api/character/avatar/351.jpeg
Tinkles ,Female,Dead,Alien,Earth (Replacement Dimension),1,https://rickandmortyapi.com/api/character/avatar/352.jpeg
Tiny Rick ,Male,Dead,Human,Earth (Replacement Dimension),1,https://rickandmortyapi.com/api/character/avatar/353.jpeg
Toby Matthews ,Male,Alive,Human,Earth (Replacement Dimension),1,https://rickandmortyapi.com/api/character/avatar/354.jpeg
Todd Crystal ,Male,Alive,Alien,Unity's Planet,1,https://rickandmortyapi.com/api/character/avatar/355.jpeg
Tom Randolph ,Male,Alive,Human,Earth (C-137),1,https://rickandmortyapi.com/api/character/avatar/356.jpeg
Tommy's Clone ,Male,Alive,Human,Earth (Replacement Dimension),1,https://rickandmortyapi.com/api/character/avatar/357.jpeg
Tophat Jones ,Male,Dead,Mythological Creature,Interdimensional Cable,3,https://rickandmortyapi.com/api/character/avatar/358.jpeg
Tortured Morty ,Male,unknown,Human,Citadel of Ricks,1,https://rickandmortyapi.com/api/character/avatar/359.jpeg
Toxic Morty ,Male,Dead,Humanoid,Earth (Replacement Dimension),1,https://rickandmortyapi.com/api/character/avatar/360.jpeg
Toxic Rick ,Male,Dead,Humanoid,Earth (Replacement Dimension),1,https://rickandmortyapi.com/api/character/avatar/361.jpeg
Traflorkian ,unknown,Alive,Alien,Worldender's lair,5,https://rickandmortyapi.com/api/character/avatar/362.jpeg
Trandor ,Male,Alive,Alien,Earth (Replacement Dimension),1,https://rickandmortyapi.com/api/character/avatar/363.jpeg
Tree Person ,unknown,Dead,Humanoid,Kyle's Teenyverse,1,https://rickandmortyapi.com/api/character/avatar/364.jpeg
Tricia Lange ,Female,Alive,Human,Earth (Replacement Dimension),5,https://rickandmortyapi.com/api/character/avatar/365.jpeg
Trunk Morty ,Male,Alive,Humanoid,Citadel of Ricks,1,https://rickandmortyapi.com/api/character/avatar/366.jpeg
Trunk Man ,Male,Alive,Humanoid,Interdimensional Cable,2,https://rickandmortyapi.com/api/character/avatar/367.jpeg
Truth Tortoise ,Male,unknown,Mythological Creature,unknown,1,https://rickandmortyapi.com/api/character/avatar/368.jpeg
Tusked Assassin ,Male,unknown,Alien,Resort Planet,1,https://rickandmortyapi.com/api/character/avatar/369.jpeg
Two Guys with Handlebar Mustaches ,Male,Alive,Human,Interdimensional Cable,1,https://rickandmortyapi.com/api/character/avatar/370.jpeg
Tumblorkian ,Male,Alive,Alien,Plopstar,1,https://rickandmortyapi.com/api/character/avatar/371.jpeg
Unity ,Genderless,Alive,Alien,Unity's Planet,1,https://rickandmortyapi.com/api/character/avatar/372.jpeg
Unmuscular Michael ,Male,Alive,Human,Interdimensional Cable,1,https://rickandmortyapi.com/api/character/avatar/373.jpeg
Vampire Master ,Male,Alive,Mythological Creature,Earth (Replacement Dimension),1,https://rickandmortyapi.com/api/character/avatar/374.jpeg
Vance Maximus ,Male,Dead,Human,Worldender's lair,1,https://rickandmortyapi.com/api/character/avatar/375.jpeg
Veronica Ann Bennet ,Female,Alive,Alien,Gazorpazorp,1,https://rickandmortyapi.com/api/character/avatar/376.jpeg
Voltematron ,unknown,Dead,Alien,Earth (Replacement Dimension),1,https://rickandmortyapi.com/api/character/avatar/377.jpeg
Wall Crawling Rick ,Male,unknown,Humanoid,Citadel of Ricks,1,https://rickandmortyapi.com/api/character/avatar/378.jpeg
Wedding Bartender ,Male,unknown,Alien,Planet Squanch,1,https://rickandmortyapi.com/api/character/avatar/379.jpeg
Unknown Rick ,Male,unknown,Human,unknown,2,https://rickandmortyapi.com/api/character/avatar/380.jpeg
Woman Rick ,Female,Alive,Alien,unknown,1,https://rickandmortyapi.com/api/character/avatar/381.jpeg
Worldender ,Male,Dead,Alien,Worldender's lair,1,https://rickandmortyapi.com/api/character/avatar/382.jpeg
Yaarb ,Male,Alive,Alien,St. Gloopy Noops Hospital,1,https://rickandmortyapi.com/api/character/avatar/383.jpeg
Yellow Headed Doctor ,Male,Alive,Alien,St. Gloopy Noops Hospital,1,https://rickandmortyapi.com/api/character/avatar/384.jpeg
Yellow Shirt Rick ,Male,unknown,Human,Citadel of Ricks,1,https://rickandmortyapi.com/api/character/avatar/385.jpeg
Zarbadar Gloonch ,Female,Dead,Alien,Nuptia 4,2,https://rickandmortyapi.com/api/character/avatar/386.jpeg
Zarbadar's Mytholog ,Female,unknown,Mythological Creature,Nuptia 4,1,https://rickandmortyapi.com/api/character/avatar/387.jpeg
Zeep Xanflorp ,Male,Alive,Humanoid,Rick's Battery Microverse,1,https://rickandmortyapi.com/api/character/avatar/388.jpeg
Zeta Alpha Rick ,Male,Dead,Human,Rick's Memories,4,https://rickandmortyapi.com/api/character/avatar/389.jpeg
Zick Zack ,Male,Dead,Alien,Earth (Replacement Dimension),1,https://rickandmortyapi.com/api/character/avatar/390.jpeg
Uncle Steve ,Male,Dead,Alien,Earth (Replacement Dimension),1,https://rickandmortyapi.com/api/character/avatar/391.jpeg
Bearded Morty ,Male,Alive,Human,Citadel of Ricks,2,https://rickandmortyapi.com/api/character/avatar/392.jpeg
Roy ,Male,Alive,Human,Roy: A Life Well Lived,1,https://rickandmortyapi.com/api/character/avatar/393.jpeg
Davin II,Male,Dead,Cronenberg,Earth (C-137),2,https://rickandmortyapi.com/api/character/avatar/394.jpeg
Greebybobe ,unknown,Alive,Alien,Worldender's lair,4,https://rickandmortyapi.com/api/character/avatar/395.jpeg
Scary Teacher ,Male,Alive,Mythological Creature,Mr. Goldenfold's dream,1,https://rickandmortyapi.com/api/character/avatar/396.jpeg
Fido ,Male,Alive,Animal,Snuffles' Dream,1,https://rickandmortyapi.com/api/character/avatar/397.jpeg
Accountant dog ,Male,Alive,Animal,Snuffles' Dream,1,https://rickandmortyapi.com/api/character/avatar/398.jpeg
Tiny-persons advocacy group lawyer ,Male,Alive,Mythological Creature,Giant's Town,1,https://rickandmortyapi.com/api/character/avatar/399.jpeg
Giant Judge ,Male,Alive,Mythological Creature,Giant's Town,1,https://rickandmortyapi.com/api/character/avatar/400.jpeg
Morty Jr's interviewer ,Male,Alive,Human,Earth (Replacement Dimension),1,https://rickandmortyapi.com/api/character/avatar/401.jpeg
Guy from The Bachelor ,Male,Alive,Human,Earth (Replacement Dimension),1,https://rickandmortyapi.com/api/character/avatar/402.jpeg
Corn detective ,Male,Dead,Humanoid,Interdimensional Cable,1,https://rickandmortyapi.com/api/character/avatar/403.jpeg
Michael Jackson ,Male,Alive,Humanoid,Earth (Phone Dimension),1,https://rickandmortyapi.com/api/character/avatar/404.jpeg
Trunkphobic suspenders guy ,Male,Alive,Human,Earth (Replacement Dimension),4,https://rickandmortyapi.com/api/character/avatar/405.jpeg
Spiderweb teddy bear ,unknown,Alive,Animal,Interdimensional Cable,1,https://rickandmortyapi.com/api/character/avatar/406.jpeg
Regular Tyrion Lannister ,Male,Alive,Human,Interdimensional Cable,1,https://rickandmortyapi.com/api/character/avatar/407.jpeg
Quick Mystery Presenter ,Male,Alive,Human,Interdimensional Cable,1,https://rickandmortyapi.com/api/character/avatar/408.jpeg
Mr. Sneezy ,Male,Alive,Human,Interdimensional Cable,1,https://rickandmortyapi.com/api/character/avatar/409.jpeg
Two Brothers ,Male,Alive,Human,Interdimensional Cable,1,https://rickandmortyapi.com/api/character/avatar/410.jpeg
Alien Mexican Armada ,Male,unknown,Alien,Interdimensional Cable,1,https://rickandmortyapi.com/api/character/avatar/411.jpeg
Giant Cat Monster ,unknown,unknown,Animal,Interdimensional Cable,1,https://rickandmortyapi.com/api/character/avatar/412.jpeg
Old Women ,Female,unknown,Human,Interdimensional Cable,1,https://rickandmortyapi.com/api/character/avatar/413.jpeg
Trunkphobic guy ,Male,Alive,Human,Interdimensional Cable,1,https://rickandmortyapi.com/api/character/avatar/414.jpeg
Pro trunk people marriage guy ,Male,Alive,Human,Interdimensional Cable,1,https://rickandmortyapi.com/api/character/avatar/415.jpeg
Muscular Mannie ,Male,Alive,Human,Interdimensional Cable,1,https://rickandmortyapi.com/api/character/avatar/416.jpeg
Baby Legs Chief ,Male,Alive,Human,Interdimensional Cable,1,https://rickandmortyapi.com/api/character/avatar/417.jpeg
Mrs. Sullivan's Boyfriend ,Male,Alive,Human,Interdimensional Cable,1,https://rickandmortyapi.com/api/character/avatar/418.jpeg
Plutonian Hostess ,Female,Alive,Alien,Pluto,1,https://rickandmortyapi.com/api/character/avatar/419.jpeg
Plutonian Host ,Male,Alive,Alien,Pluto,1,https://rickandmortyapi.com/api/character/avatar/420.jpeg
Rich Plutonian ,Female,Alive,Alien,Pluto,1,https://rickandmortyapi.com/api/character/avatar/421.jpeg
Rich Plutonian II,Male,Alive,Alien,Pluto,1,https://rickandmortyapi.com/api/character/avatar/422.jpeg
Synthetic Laser Eels ,unknown,Alive,Animal,Earth (Replacement Dimension),1,https://rickandmortyapi.com/api/character/avatar/423.jpeg
Pizza-person ,Male,Alive,Humanoid,Earth (Pizza Dimension),1,https://rickandmortyapi.com/api/character/avatar/424.jpeg
Pizza-person II,Male,Alive,Humanoid,Earth (Pizza Dimension),1,https://rickandmortyapi.com/api/character/avatar/425.jpeg
Greasy Grandma ,Female,Alive,Human,Greasy Grandma World,1,https://rickandmortyapi.com/api/character/avatar/426.jpeg
Phone-person ,Male,Alive,Humanoid,Earth (Phone Dimension),1,https://rickandmortyapi.com/api/character/avatar/427.jpeg
Phone-person II,Male,Alive,Humanoid,Earth (Phone Dimension),1,https://rickandmortyapi.com/api/character/avatar/428.jpeg
Chair-person ,Male,Alive,Humanoid,Earth (Chair Dimension),1,https://rickandmortyapi.com/api/character/avatar/429.jpeg
Chair-person II,Male,Alive,Humanoid,Earth (Chair Dimension),1,https://rickandmortyapi.com/api/character/avatar/430.jpeg
Chair-homeless ,Male,Alive,Humanoid,Earth (Chair Dimension),1,https://rickandmortyapi.com/api/character/avatar/431.jpeg
Chair-waiter ,Male,Alive,Humanoid,Earth (Chair Dimension),1,https://rickandmortyapi.com/api/character/avatar/432.jpeg
Doopidoo ,unknown,Alive,Animal,unknown,1,https://rickandmortyapi.com/api/character/avatar/433.jpeg
Super Weird Rick ,Male,unknown,Human,unknown,1,https://rickandmortyapi.com/api/character/avatar/434.jpeg
Pripudlian ,unknown,Alive,Alien,Earth (Replacement Dimension),4,https://rickandmortyapi.com/api/character/avatar/435.jpeg
Giant Testicle Monster ,unknown,Alive,Alien,Testicle Monster Dimension,2,https://rickandmortyapi.com/api/character/avatar/436.jpeg
Michael ,Male,Alive,Human,Earth (Replacement Dimension),1,https://rickandmortyapi.com/api/character/avatar/437.jpeg
Michael's Lawyer ,Male,Alive,Human,Earth (Replacement Dimension),1,https://rickandmortyapi.com/api/character/avatar/438.jpeg
Veterinary ,Female,Alive,Human,Earth (Replacement Dimension),1,https://rickandmortyapi.com/api/character/avatar/439.jpeg
Veterinary Nurse ,Male,Alive,Human,Earth (Replacement Dimension),1,https://rickandmortyapi.com/api/character/avatar/440.jpeg
Bearded Jerry ,Male,Alive,Human,Jerryboree,1,https://rickandmortyapi.com/api/character/avatar/441.jpeg
Shaved Head Jerry ,Male,Alive,Human,Jerryboree,1,https://rickandmortyapi.com/api/character/avatar/442.jpeg
Tank Top Jerry ,Male,Alive,Human,Jerryboree,1,https://rickandmortyapi.com/api/character/avatar/443.jpeg
Pink Polo Shirt Jerry ,Male,Alive,Human,Jerryboree,1,https://rickandmortyapi.com/api/character/avatar/444.jpeg
Jerryboree Keeper ,Female,Alive,Alien,Jerryboree,1,https://rickandmortyapi.com/api/character/avatar/445.jpeg
Jerryboree Receptionist ,Male,Alive,Alien,Jerryboree,1,https://rickandmortyapi.com/api/character/avatar/446.jpeg
Anchor Gear ,Male,Alive,Alien,Gear World,1,https://rickandmortyapi.com/api/character/avatar/447.jpeg
Gear Cop ,Male,Dead,Alien,Gear World,1,https://rickandmortyapi.com/api/character/avatar/448.jpeg
Roy's Mum ,Female,Alive,Human,Roy: A Life Well Lived,1,https://rickandmortyapi.com/api/character/avatar/449.jpeg
Roy's Wife ,Male,Alive,Human,Roy: A Life Well Lived,1,https://rickandmortyapi.com/api/character/avatar/450.jpeg
Roy's Son ,Male,Alive,Human,Roy: A Life Well Lived,1,https://rickandmortyapi.com/api/character/avatar/451.jpeg
Simon ,Male,Alive,Human,Earth (Replacement Dimension),1,https://rickandmortyapi.com/api/character/avatar/452.jpeg
Vampire Master's Assistant ,Male,Alive,Mythological Creature,Earth (Replacement Dimension),1,https://rickandmortyapi.com/api/character/avatar/453.jpeg
Arbolian Mentirososian ,unknown,Alive,Alien,St. Gloopy Noops Hospital,3,https://rickandmortyapi.com/api/character/avatar/454.jpeg
St. Gloopy Noops Nurse ,Female,Alive,Alien,St. Gloopy Noops Hospital,1,https://rickandmortyapi.com/api/character/avatar/455.jpeg
Nano Doctor ,Male,Alive,Alien,St. Gloopy Noops Hospital,1,https://rickandmortyapi.com/api/character/avatar/456.jpeg
Funny Songs Presenter ,Male,Alive,Human,Interdimensional Cable,1,https://rickandmortyapi.com/api/character/avatar/457.jpeg
Tax Attorney ,Male,unknown,Human,Interdimensional Cable,1,https://rickandmortyapi.com/api/character/avatar/458.jpeg
Butthole Ice Cream Guy ,Male,Alive,Alien,Interdimensional Cable,1,https://rickandmortyapi.com/api/character/avatar/459.jpeg
Traflorkian Journalist ,Male,Alive,Alien,St. Gloopy Noops Hospital,1,https://rickandmortyapi.com/api/character/avatar/460.jpeg
Communication's Responsible Rick ,Male,Dead,Human,Citadel of Ricks,1,https://rickandmortyapi.com/api/character/avatar/461.jpeg
Teleportation's Responsible Rick ,Male,unknown,Human,Citadel of Ricks,1,https://rickandmortyapi.com/api/character/avatar/462.jpeg
SEAL Team Rick ,Male,Dead,Human,Citadel of Ricks,1,https://rickandmortyapi.com/api/character/avatar/463.jpeg
SEAL Team Rick II,Male,Dead,Human,Citadel of Ricks,1,https://rickandmortyapi.com/api/character/avatar/464.jpeg
SEAL Team Rick III,Male,Dead,Human,Citadel of Ricks,1,https://rickandmortyapi.com/api/character/avatar/465.jpeg
SEAL Team Rick IV,Male,Dead,Human,Citadel of Ricks,1,https://rickandmortyapi.com/api/character/avatar/466.jpeg
Morphizer-XE Customer Support ,Male,Alive,Alien,Earth (Replacement Dimension),1,https://rickandmortyapi.com/api/character/avatar/467.jpeg
Morphizer-XE Customer Support II,Male,Alive,Alien,Earth (Replacement Dimension),1,https://rickandmortyapi.com/api/character/avatar/468.jpeg
Morphizer-XE Customer Support III,Male,unknown,Alien,Earth (Replacement Dimension),1,https://rickandmortyapi.com/api/character/avatar/469.jpeg
Alien Spa Employee ,Male,Alive,Alien,Alien Day Spa,1,https://rickandmortyapi.com/api/character/avatar/470.jpeg
Little Voltron ,Genderless,Alive,Robot,Earth (Replacement Dimension),1,https://rickandmortyapi.com/api/character/avatar/471.jpeg
Baby Rick ,Male,Alive,Human,Citadel of Ricks,1,https://rickandmortyapi.com/api/character/avatar/472.jpeg
Bartender Morty ,Male,Alive,Human,Citadel of Ricks,1,https://rickandmortyapi.com/api/character/avatar/473.jpeg
Dancer Cowboy Morty ,Male,Alive,Human,Citadel of Ricks,1,https://rickandmortyapi.com/api/character/avatar/474.jpeg
Dancer Morty ,Male,Alive,Human,Citadel of Ricks,1,https://rickandmortyapi.com/api/character/avatar/475.jpeg
Flower Morty ,Male,Alive,Human,Citadel of Ricks,1,https://rickandmortyapi.com/api/character/avatar/476.jpeg
Hairdresser Rick ,Male,Alive,Human,Citadel of Ricks,1,https://rickandmortyapi.com/api/character/avatar/477.jpeg
Journalist Rick ,Male,Alive,Human,Citadel of Ricks,1,https://rickandmortyapi.com/api/character/avatar/478.jpeg
Private Sector Rick ,Male,Dead,Human,Citadel of Ricks,1,https://rickandmortyapi.com/api/character/avatar/479.jpeg
Purple Morty ,Male,Alive,Alien,Citadel of Ricks,1,https://rickandmortyapi.com/api/character/avatar/480.jpeg
Retired General Rick ,Male,unknown,Human,Citadel of Ricks,1,https://rickandmortyapi.com/api/character/avatar/481.jpeg
Secret Service Rick ,Male,Alive,Human,Citadel of Ricks,1,https://rickandmortyapi.com/api/character/avatar/482.jpeg
Steve Jobs Rick ,Male,Alive,Human,Citadel of Ricks,1,https://rickandmortyapi.com/api/character/avatar/483.jpeg
Sheik Rick ,Male,Dead,Human,Citadel of Ricks,1,https://rickandmortyapi.com/api/character/avatar/484.jpeg
Modern Rick ,Male,Alive,Human,Citadel of Ricks,1,https://rickandmortyapi.com/api/character/avatar/485.jpeg
Tan Rick ,Male,Dead,Human,Citadel of Ricks,1,https://rickandmortyapi.com/api/character/avatar/486.jpeg
Visor Rick ,Male,Dead,Human,Citadel of Ricks,1,https://rickandmortyapi.com/api/character/avatar/487.jpeg
Colonial Rick ,Male,Dead,Human,Citadel of Ricks,1,https://rickandmortyapi.com/api/character/avatar/488.jpeg
P-Coat Rick ,Male,Dead,Human,Citadel of Ricks,1,https://rickandmortyapi.com/api/character/avatar/489.jpeg
Chang ,Male,Alive,Human,The Menagerie,1,https://rickandmortyapi.com/api/character/avatar/490.jpeg
Dr. Eleanor Arroway ,Female,Alive,Human,The Menagerie,1,https://rickandmortyapi.com/api/character/avatar/491.jpeg
Varrix ,unknown,Alive,Alien,Earth (Replacement Dimension),1,https://rickandmortyapi.com/api/character/avatar/492.jpeg
Secretary of the Interior ,Male,Alive,Human,Earth (Replacement Dimension),1,https://rickandmortyapi.com/api/character/avatar/493.jpeg
Crystal Poacher ,Male,Dead,Alien,Forbodulon Prime,1,https://rickandmortyapi.com/api/character/avatar/494.jpeg
Crystal Poacher II,Male,Dead,Alien,Forbodulon Prime,1,https://rickandmortyapi.com/api/character/avatar/495.jpeg
Crystal Poacher III,Male,Dead,Alien,Forbodulon Prime,1,https://rickandmortyapi.com/api/character/avatar/496.jpeg
Hologram Rick ,Male,Dead,Humanoid,Earth (Replacement Dimension),1,https://rickandmortyapi.com/api/character/avatar/497.jpeg
Fascist Rick ,Male,Dead,Human,Earth (Fascist Dimension),1,https://rickandmortyapi.com/api/character/avatar/498.jpeg
Fascist Morty ,Male,Dead,Human,Earth (Fascist Dimension),1,https://rickandmortyapi.com/api/character/avatar/499.jpeg
Fascist Mr. President ,Male,Alive,Human,Earth (Fascist Dimension),1,https://rickandmortyapi.com/api/character/avatar/500.jpeg
Fascist Ricks Clone ,Male,Dead,Human,Earth (Fascist Dimension),1,https://rickandmortyapi.com/api/character/avatar/501.jpeg
Revolio Clockberg Jr. II,Male,Dead,Alien,Earth (Fascist Dimension),1,https://rickandmortyapi.com/api/character/avatar/502.jpeg
Fascist Shrimp Rick ,Male,Alive,Animal,Earth (Fascist Shrimp Dimension),1,https://rickandmortyapi.com/api/character/avatar/503.jpeg
Fascist Shrimp Ricks Clone ,Male,Dead,Animal,Earth (Fascist Shrimp Dimension),1,https://rickandmortyapi.com/api/character/avatar/504.jpeg
Fascist Shrimp Morty ,Male,Alive,Animal,Earth (Fascist Shrimp Dimension),1,https://rickandmortyapi.com/api/character/avatar/505.jpeg
Fascist Shrimp SS ,Male,Alive,Animal,Earth (Fascist Shrimp Dimension),1,https://rickandmortyapi.com/api/character/avatar/506.jpeg
Fascist Teddy Bear Rick ,Male,Alive,Animal,Earth (Fascist Teddy Bear Dimension),1,https://rickandmortyapi.com/api/character/avatar/507.jpeg
Fascist Teddy Bear Ricks Clone ,Male,Dead,Animal,Earth (Fascist Teddy Bear Dimension),1,https://rickandmortyapi.com/api/character/avatar/508.jpeg
Bully ,Male,unknown,Human,Earth (Replacement Dimension),1,https://rickandmortyapi.com/api/character/avatar/509.jpeg
Anchorman ,Male,Alive,Human,Earth (Replacement Dimension),1,https://rickandmortyapi.com/api/character/avatar/510.jpeg
Anchorwoman ,Female,Alive,Human,Earth (Replacement Dimension),1,https://rickandmortyapi.com/api/character/avatar/511.jpeg
Mortys Lawyer ,Male,Alive,Human,Earth (Replacement Dimension),1,https://rickandmortyapi.com/api/character/avatar/512.jpeg
Judge ,Female,Dead,Human,Earth (Replacement Dimension),1,https://rickandmortyapi.com/api/character/avatar/513.jpeg
Public Opinion Judge ,Female,Alive,Human,Earth (Replacement Dimension),1,https://rickandmortyapi.com/api/character/avatar/514.jpeg
Caterpillar Mr. Goldenfold ,Male,Dead,Animal,Earth (Wasp Dimension),1,https://rickandmortyapi.com/api/character/avatar/515.jpeg
Wasp Rick ,Male,Alive,Animal,Earth (Replacement Dimension),1,https://rickandmortyapi.com/api/character/avatar/516.jpeg
Wasp Ricks Clone ,Male,unknown,Animal,Earth (Replacement Dimension),1,https://rickandmortyapi.com/api/character/avatar/517.jpeg
Wasp Morty ,Male,Alive,Animal,Earth (Wasp Dimension),1,https://rickandmortyapi.com/api/character/avatar/518.jpeg
Wasp Summer ,Female,Alive,Animal,Earth (Wasp Dimension),1,https://rickandmortyapi.com/api/character/avatar/519.jpeg
Wasp Jerry ,Male,Alive,Animal,Earth (Wasp Dimension),1,https://rickandmortyapi.com/api/character/avatar/520.jpeg
Wasp Beth ,Female,Alive,Animal,Earth (Wasp Dimension),1,https://rickandmortyapi.com/api/character/avatar/521.jpeg
Caterpillar Mr. Goldenfolds Larvae ,unknown,Dead,Animal,Earth (Wasp Dimension),1,https://rickandmortyapi.com/api/character/avatar/522.jpeg
Boglin ,unknown,unknown,unknown,Earth (Replacement Dimension),1,https://rickandmortyapi.com/api/character/avatar/523.jpeg
Kirkland Brand Mr. Meeseeks ,Male,unknown,Humanoid,Earth (Replacement Dimension),1,https://rickandmortyapi.com/api/character/avatar/524.jpeg
Glootie ,Male,Alive,Alien,Monogatron Mothership,1,https://rickandmortyapi.com/api/character/avatar/525.jpeg
Danny Publitz ,Male,Alive,Human,Earth (Replacement Dimension),1,https://rickandmortyapi.com/api/character/avatar/526.jpeg
Mothership Intern ,Male,Alive,Alien,Monogatron Mothership,1,https://rickandmortyapi.com/api/character/avatar/527.jpeg
Monogatron Leader ,Male,Alive,Alien,Monogatron Mothership,1,https://rickandmortyapi.com/api/character/avatar/528.jpeg
Lizard ,Male,Dead,Alien,Midland Quasar,1,https://rickandmortyapi.com/api/character/avatar/529.jpeg
Deliverance ,Genderless,Dead,Robot,Midland Quasar,1,https://rickandmortyapi.com/api/character/avatar/530.jpeg
Tony ,Male,Dead,Alien,Mount Space Everest,1,https://rickandmortyapi.com/api/character/avatar/531.jpeg
Tonys Wife ,Female,Dead,Alien,Globaflyn,1,https://rickandmortyapi.com/api/character/avatar/532.jpeg
Monogatron Queen ,Female,Alive,Alien,Monogatron Mothership,1,https://rickandmortyapi.com/api/character/avatar/533.jpeg
Tony's Dad ,Male,Alive,Alien,Earth (Replacement Dimension),1,https://rickandmortyapi.com/api/character/avatar/534.jpeg
Jeff ,Male,Alive,Human,Earth (Replacement Dimension),1,https://rickandmortyapi.com/api/character/avatar/535.jpeg
Josiah ,Male,Alive,Human,Earth (Replacement Dimension),1,https://rickandmortyapi.com/api/character/avatar/536.jpeg
Maggie ,Female,Alive,Human,Earth (Replacement Dimension),1,https://rickandmortyapi.com/api/character/avatar/537.jpeg
Priest Witherspoon ,Male,Alive,Human,Earth (Replacement Dimension),1,https://rickandmortyapi.com/api/character/avatar/538.jpeg
Richard ,Male,Alive,Human,Earth (Replacement Dimension),1,https://rickandmortyapi.com/api/character/avatar/539.jpeg
Running Bird ,Male,Alive,Human,Earth (Replacement Dimension),1,https://rickandmortyapi.com/api/character/avatar/540.jpeg
Secretary at Tony's ,Female,Alive,Alien,Earth (Replacement Dimension),1,https://rickandmortyapi.com/api/character/avatar/541.jpeg
Mountain Sweat Jerry ,Male,Alive,Human,Globaflyn,1,https://rickandmortyapi.com/api/character/avatar/542.jpeg
Vermigurber ,Male,Alive,Alien,Gorgon Quadrant,1,https://rickandmortyapi.com/api/character/avatar/543.jpeg
Miles Knightly ,Male,Dead,Alien,Heist-Con,1,https://rickandmortyapi.com/api/character/avatar/544.jpeg
Heist-Con Receptionist ,Female,Alive,Alien,Heist-Con,1,https://rickandmortyapi.com/api/character/avatar/545.jpeg
Angie Flint ,Female,Alive,Human,Heist-Con,1,https://rickandmortyapi.com/api/character/avatar/546.jpeg
Glar ,Male,Alive,Alien,Heist-Con,1,https://rickandmortyapi.com/api/character/avatar/547.jpeg
Truckula ,Male,Alive,Mythological Creature,Heist-Con,1,https://rickandmortyapi.com/api/character/avatar/548.jpeg
Snake Arms ,Male,Alive,Alien,Heist-Con,1,https://rickandmortyapi.com/api/character/avatar/549.jpeg
Double Microwawe ,Male,Alive,Humanoid,Heist-Con,1,https://rickandmortyapi.com/api/character/avatar/550.jpeg
Monitor Lord ,Male,Alive,Alien,Heist-Con,1,https://rickandmortyapi.com/api/character/avatar/551.jpeg
Key Catcher ,Female,Alive,Alien,Heist-Con,1,https://rickandmortyapi.com/api/character/avatar/552.jpeg
The Shapeshiftress ,Female,Alive,Alien,Heist-Con,1,https://rickandmortyapi.com/api/character/avatar/553.jpeg
Heistotron ,Genderless,Dead,Robot,Heistotron Base,1,https://rickandmortyapi.com/api/character/avatar/554.jpeg
Randotron ,Genderless,Dead,Robot,Heistotron Base,1,https://rickandmortyapi.com/api/character/avatar/555.jpeg
Hephaestus ,Male,Alive,Mythological Creature,Heistotron Base,1,https://rickandmortyapi.com/api/character/avatar/556.jpeg
Ventriloquiver ,Female,Alive,Humanoid,Heistotron Base,1,https://rickandmortyapi.com/api/character/avatar/557.jpeg
Elon Tusk ,Male,Alive,Human,Heistotron Base,1,https://rickandmortyapi.com/api/character/avatar/558.jpeg
Gramuflackian Anchorman ,Male,Dead,Alien,Gramuflack,1,https://rickandmortyapi.com/api/character/avatar/559.jpeg
Gramuflackian General ,Male,Dead,Alien,Gramuflack,1,https://rickandmortyapi.com/api/character/avatar/560.jpeg
Netflix Executive ,Male,Alive,Human,Earth (Replacement Dimension),1,https://rickandmortyapi.com/api/character/avatar/561.jpeg
Balthromaw ,Male,Alive,Mythological Creature,Earth (Replacement Dimension),1,https://rickandmortyapi.com/api/character/avatar/562.jpeg
The Wizard ,Male,Dead,Human,Draygon,1,https://rickandmortyapi.com/api/character/avatar/563.jpeg
Talking Cat ,Male,Alive,Animal,Earth (Replacement Dimension),1,https://rickandmortyapi.com/api/character/avatar/564.jpeg
Debrah ,Male,Alive,Mythological Creature,Draygon,1,https://rickandmortyapi.com/api/character/avatar/565.jpeg
Debrahs Partner ,Male,Alive,Mythological Creature,Draygon,1,https://rickandmortyapi.com/api/character/avatar/566.jpeg
Michael II,Male,Alive,Mythological Creature,Draygon,1,https://rickandmortyapi.com/api/character/avatar/567.jpeg
Slut Dragon ,Male,Alive,Mythological Creature,Draygon,1,https://rickandmortyapi.com/api/character/avatar/568.jpeg
Shadow Jacker ,Male,Alive,Mythological Creature,Draygon,1,https://rickandmortyapi.com/api/character/avatar/569.jpeg
Chachi ,Male,Dead,Alien,Earth (Replacement Dimension),1,https://rickandmortyapi.com/api/character/avatar/570.jpeg
Slippy ,Female,Alive,Animal,Snake Planet,1,https://rickandmortyapi.com/api/character/avatar/571.jpeg
Robot Snake ,Genderless,unknown,Robot,Snake Planet,1,https://rickandmortyapi.com/api/character/avatar/572.jpeg
Snake Hitler ,Male,Dead,Animal,Snake Planet,1,https://rickandmortyapi.com/api/character/avatar/573.jpeg
Snake Lincoln ,Male,Dead,Animal,Snake Planet,1,https://rickandmortyapi.com/api/character/avatar/574.jpeg
Snake Resistance Robot ,Genderless,Dead,Robot,Earth (Replacement Dimension),1,https://rickandmortyapi.com/api/character/avatar/575.jpeg
Snake Linguist ,Male,unknown,Animal,Snake Planet,1,https://rickandmortyapi.com/api/character/avatar/576.jpeg
Snake Terminator ,Male,unknown,Robot,Snake Planet,1,https://rickandmortyapi.com/api/character/avatar/577.jpeg
Snake Soldier ,Male,Alive,Animal,Snake Planet,1,https://rickandmortyapi.com/api/character/avatar/578.jpeg
Snake with Legs ,Male,Alive,Animal,Snake Planet,1,https://rickandmortyapi.com/api/character/avatar/579.jpeg
Secret Service Snake ,Male,Alive,Animal,Snake Planet,1,https://rickandmortyapi.com/api/character/avatar/580.jpeg
Anchosnake ,Male,Alive,Animal,Snake Planet,1,https://rickandmortyapi.com/api/character/avatar/581.jpeg
Anchosnake II,Female,Alive,Animal,Snake Planet,1,https://rickandmortyapi.com/api/character/avatar/582.jpeg
80's snake ,Male,unknown,Animal,Snake Planet,1,https://rickandmortyapi.com/api/character/avatar/583.jpeg
Bar Customer ,Male,Alive,Human,Earth (Replacement Dimension),1,https://rickandmortyapi.com/api/character/avatar/584.jpeg
Bartender ,Female,Alive,Human,Earth (Replacement Dimension),1,https://rickandmortyapi.com/api/character/avatar/585.jpeg
PC Basketball Player ,Male,Alive,Human,Earth (Replacement Dimension),1,https://rickandmortyapi.com/api/character/avatar/586.jpeg
Cavesnake ,Male,Dead,Animal,Snake Planet,1,https://rickandmortyapi.com/api/character/avatar/587.jpeg
Pet Shop Employee ,Male,Alive,Human,Earth (Replacement Dimension),1,https://rickandmortyapi.com/api/character/avatar/588.jpeg
Snake Reporter ,Male,Alive,Animal,Snake Planet,1,https://rickandmortyapi.com/api/character/avatar/589.jpeg
High Pilot ,Male,unknown,Human,Earth (Replacement Dimension),1,https://rickandmortyapi.com/api/character/avatar/590.jpeg
High Pilot II,Male,unknown,Human,Earth (Replacement Dimension),1,https://rickandmortyapi.com/api/character/avatar/591.jpeg
Phoenixperson ,Male,Dead,Alien,Earth (Replacement Dimension),3,https://rickandmortyapi.com/api/character/avatar/592.jpeg
Tickets Please Guy ,Male,Dead,Human,Non-Diegetic Alternative Reality,1,https://rickandmortyapi.com/api/character/avatar/593.jpeg
Floaty Bloody Man ,Male,Dead,Human,Tickets Please Guy Nightmare,1,https://rickandmortyapi.com/api/character/avatar/594.jpeg
Floaty Non-Gasm Brotherhood Member ,Male,Dead,Alien,Tickets Please Guy Nightmare,1,https://rickandmortyapi.com/api/character/avatar/595.jpeg
Floaty Non-Gasm Brotherhood Member Friend ,Female,Dead,Alien,Tickets Please Guy Nightmare,1,https://rickandmortyapi.com/api/character/avatar/596.jpeg
Abradolf Lincler II,Male,Alive,Human,Story Train,1,https://rickandmortyapi.com/api/character/avatar/597.jpeg
Biblesaurus ,Male,Alive,Animal,Story Train,1,https://rickandmortyapi.com/api/character/avatar/598.jpeg
Birdperson II,Male,Alive,Alien,Story Train,1,https://rickandmortyapi.com/api/character/avatar/599.jpeg
Cats Fan ,Female,Alive,Alien,Story Train,1,https://rickandmortyapi.com/api/character/avatar/600.jpeg
Christmas Storyteller ,Male,Alive,Alien,Story Train,1,https://rickandmortyapi.com/api/character/avatar/601.jpeg
Cookies Guy ,Male,Alive,Human,Mortys Story,1,https://rickandmortyapi.com/api/character/avatar/602.jpeg
Crossy ,Genderless,Alive,unknown,Rickss Story,1,https://rickandmortyapi.com/api/character/avatar/603.jpeg
Female Scorpion ,Female,Dead,Animal,Mortys Story,1,https://rickandmortyapi.com/api/character/avatar/604.jpeg
Floaty Bloody Mans Daughter ,Female,Dead,Human,Tickets Please Guy Nightmare,1,https://rickandmortyapi.com/api/character/avatar/605.jpeg
Goomby ,Male,Alive,Alien,Story Train,1,https://rickandmortyapi.com/api/character/avatar/606.jpeg
Hairspray Fan ,Female,Alive,Alien,Story Train,1,https://rickandmortyapi.com/api/character/avatar/607.jpeg
Jesus Christ ,Male,Alive,Human,Rickss Story,1,https://rickandmortyapi.com/api/character/avatar/608.jpeg
Josh ,Male,Dead,Human,Tickets Please Guy Nightmare,1,https://rickandmortyapi.com/api/character/avatar/609.jpeg
Josh's Sister ,Female,Dead,Human,Tickets Please Guy Nightmare,1,https://rickandmortyapi.com/api/character/avatar/610.jpeg
Leah ,Female,Alive,unknown,Story Train,1,https://rickandmortyapi.com/api/character/avatar/611.jpeg
Marcus ,Male,Alive,Human,Story Train,1,https://rickandmortyapi.com/api/character/avatar/612.jpeg
Mike Johnson ,Male,Alive,Human,Mortys Story,1,https://rickandmortyapi.com/api/character/avatar/613.jpeg
Mr. Celery & Friends ,Genderless,Alive,unknown,Rickss Story,1,https://rickandmortyapi.com/api/character/avatar/614.jpeg
Musical Fan ,Male,Alive,Alien,Story Train,1,https://rickandmortyapi.com/api/character/avatar/615.jpeg
Phantom of the Opera Fan ,Male,Alive,Alien,Story Train,1,https://rickandmortyapi.com/api/character/avatar/616.jpeg
Phoenixperson II,Male,Alive,Alien,Story Train,1,https://rickandmortyapi.com/api/character/avatar/617.jpeg
Private Smith ,Male,unknown,Human,Story Train,1,https://rickandmortyapi.com/api/character/avatar/618.jpeg
Professor Sanchez ,Male,Dead,Human,Story Train,1,https://rickandmortyapi.com/api/character/avatar/619.jpeg
Ramamama Lord ,Male,Alive,Human,Story Train,1,https://rickandmortyapi.com/api/character/avatar/620.jpeg
Ruth Bader Ginsburg ,Female,Alive,Human,Mortys Story,1,https://rickandmortyapi.com/api/character/avatar/621.jpeg
Sarge ,Male,Alive,Human,Story Train,1,https://rickandmortyapi.com/api/character/avatar/622.jpeg
Shrek The Musical Fan ,Male,Alive,Alien,Story Train,1,https://rickandmortyapi.com/api/character/avatar/623.jpeg
Snuffles ,Male,Alive,Animal,Story Train,1,https://rickandmortyapi.com/api/character/avatar/624.jpeg
Storylord ,Male,Alive,Human,Rickss Story,1,https://rickandmortyapi.com/api/character/avatar/625.jpeg
Tammy Guetermann III,Female,Alive,Human,Story Train,1,https://rickandmortyapi.com/api/character/avatar/626.jpeg
The Concept of Time ,Genderless,Alive,unknown,Story Train,1,https://rickandmortyapi.com/api/character/avatar/627.jpeg
Beth Smith IV,Female,Alive,Human,Mortys Story,1,https://rickandmortyapi.com/api/character/avatar/628.jpeg
Summer Smith IV,Female,Alive,Human,Mortys Story,1,https://rickandmortyapi.com/api/character/avatar/629.jpeg
Morty Smith IV,Male,Alive,Human,Story Train,1,https://rickandmortyapi.com/api/character/avatar/630.jpeg
Rick Sanchez IV,Male,Alive,Human,Story Train,1,https://rickandmortyapi.com/api/character/avatar/631.jpeg
Train Cop ,Male,Dead,Human,Story Train,1,https://rickandmortyapi.com/api/character/avatar/632.jpeg
Train Cops ,Female,Alive,Human,Story Train,1,https://rickandmortyapi.com/api/character/avatar/633.jpeg
Train Cops Instructor ,Male,Dead,Human,Story Train,1,https://rickandmortyapi.com/api/character/avatar/634.jpeg
Darth Poopybutthole ,Male,Alive,Poopybutthole,Rickss Story,1,https://rickandmortyapi.com/api/character/avatar/635.jpeg
Evil Morty II,Male,Alive,Human,Rickss Story,1,https://rickandmortyapi.com/api/character/avatar/636.jpeg
Mortys Disguise ,Female,Alive,Human,Story Train,1,https://rickandmortyapi.com/api/character/avatar/637.jpeg
Ricks Disguise ,Male,Alive,Human,Story Train,1,https://rickandmortyapi.com/api/character/avatar/638.jpeg
Uncle Nibbles ,Male,Dead,Alien,Tickets Please Guy Nightmare,1,https://rickandmortyapi.com/api/character/avatar/639.jpeg
Angry Glorzo ,Male,Dead,Alien,Glorzo Asteroid,1,https://rickandmortyapi.com/api/character/avatar/640.jpeg
Bruce ,Male,Dead,Alien,Glorzo Asteroid,1,https://rickandmortyapi.com/api/character/avatar/641.jpeg
Council of Glorzos Member ,Male,Dead,Alien,Glorzo Asteroid,1,https://rickandmortyapi.com/api/character/avatar/642.jpeg
Council of Glorzos Member II,Male,Dead,Alien,Glorzo Asteroid,1,https://rickandmortyapi.com/api/character/avatar/643.jpeg
Old Glorzo ,Male,Dead,Alien,Glorzo Asteroid,1,https://rickandmortyapi.com/api/character/avatar/644.jpeg
Shane ,Male,unknown,Alien,Glorzo Asteroid,1,https://rickandmortyapi.com/api/character/avatar/645.jpeg
Steve II,Male,Dead,Alien,Glorzo Asteroid,1,https://rickandmortyapi.com/api/character/avatar/646.jpeg
Troy ,Male,Dead,Alien,Glorzo Asteroid,1,https://rickandmortyapi.com/api/character/avatar/647.jpeg
Crystal Dealers Boss ,Male,Dead,Alien,Alien Acid Plant,1,https://rickandmortyapi.com/api/character/avatar/648.jpeg
Crystal Dealer ,Male,Dead,Alien,Alien Acid Plant,1,https://rickandmortyapi.com/api/character/avatar/649.jpeg
Crystal Dealer II,Male,Dead,Alien,Alien Acid Plant,1,https://rickandmortyapi.com/api/character/avatar/650.jpeg
Crystal Dealer III,Male,Dead,Alien,Alien Acid Plant,1,https://rickandmortyapi.com/api/character/avatar/651.jpeg
SWAT Officer ,Male,Dead,Human,Merged Universe,1,https://rickandmortyapi.com/api/character/avatar/652.jpeg
Plane Crash Survivor ,Female,unknown,Human,Near-Duplicate Reality,1,https://rickandmortyapi.com/api/character/avatar/653.jpeg
Plane Crash Survivor II,Male,unknown,Human,Near-Duplicate Reality,1,https://rickandmortyapi.com/api/character/avatar/654.jpeg
Heroine Keith ,Male,Alive,Human,Merged Universe,1,https://rickandmortyapi.com/api/character/avatar/655.jpeg
Impervious to Acid SWAT Officer ,Male,Dead,Human,Merged Universe,1,https://rickandmortyapi.com/api/character/avatar/656.jpeg
Johnny Carson ,Male,Alive,Human,Merged Universe,1,https://rickandmortyapi.com/api/character/avatar/657.jpeg
Sonia Sotomayor ,Female,Alive,Human,Merged Universe,1,https://rickandmortyapi.com/api/character/avatar/658.jpeg
Mortys Father-in-law ,Male,Alive,Human,Near-Duplicate Reality,1,https://rickandmortyapi.com/api/character/avatar/659.jpeg
Mortys Mother-in-law ,Female,Alive,Human,Near-Duplicate Reality,1,https://rickandmortyapi.com/api/character/avatar/660.jpeg
Mortys Girlfriend ,Female,Alive,Human,Merged Universe,1,https://rickandmortyapi.com/api/character/avatar/661.jpeg
Gaia ,Female,Alive,unknown,Gaia,1,https://rickandmortyapi.com/api/character/avatar/662.jpeg
Reggie ,Male,Dead,Mythological Creature,Gaia,1,https://rickandmortyapi.com/api/character/avatar/663.jpeg
Ticktock ,Genderless,unknown,Humanoid,Gaia,1,https://rickandmortyapi.com/api/character/avatar/664.jpeg
Florflock ,Genderless,Alive,Humanoid,Gaia,1,https://rickandmortyapi.com/api/character/avatar/665.jpeg
Squeeb ,Genderless,Alive,Humanoid,Gaia,1,https://rickandmortyapi.com/api/character/avatar/666.jpeg
Defiance Beth ,Female,Alive,Human,Earth (Replacement Dimension),2,https://rickandmortyapi.com/api/character/avatar/667.jpeg
Defiance Squanchette ,Female,Alive,Alien,Defiance's Ship,1,https://rickandmortyapi.com/api/character/avatar/668.jpeg
Defiance Doctor ,Male,Alive,Alien,Defiance's Base,1,https://rickandmortyapi.com/api/character/avatar/669.jpeg
New Improved Galactic Federation Guard ,Male,Dead,Alien,NX-5 Planet Remover,1,https://rickandmortyapi.com/api/character/avatar/670.jpeg
New Improved Galactic Federation Guard II,Male,Dead,Alien,NX-5 Planet Remover,1,https://rickandmortyapi.com/api/character/avatar/671.jpeg
Mr. Nimbus ,Male,Alive,Mythological Creature,Earth (Replacement Dimension),1,https://rickandmortyapi.com/api/character/avatar/672.jpeg
Hoovy ,Male,Dead,Humanoid,Narnia Dimension,1,https://rickandmortyapi.com/api/character/avatar/673.jpeg
Bova ,Female,Dead,Humanoid,Narnia Dimension,1,https://rickandmortyapi.com/api/character/avatar/674.jpeg
Japheth ,Male,Dead,Humanoid,Narnia Dimension,1,https://rickandmortyapi.com/api/character/avatar/675.jpeg
Japheth's Middle Son ,Male,Dead,Humanoid,Narnia Dimension,1,https://rickandmortyapi.com/api/character/avatar/676.jpeg
Japheth's Eldest Son ,Male,Dead,Humanoid,Narnia Dimension,1,https://rickandmortyapi.com/api/character/avatar/677.jpeg
Japheth's Youngest Son ,Male,Dead,Humanoid,Narnia Dimension,1,https://rickandmortyapi.com/api/character/avatar/678.jpeg
Japheth's Grandson ,Male,Dead,Humanoid,Narnia Dimension,1,https://rickandmortyapi.com/api/character/avatar/679.jpeg
Adam ,Male,Dead,Humanoid,Earth (Replacement Dimension),1,https://rickandmortyapi.com/api/character/avatar/680.jpeg
Adam's Mother ,Female,Dead,Humanoid,Narnia Dimension,1,https://rickandmortyapi.com/api/character/avatar/681.jpeg
Warlock ,Male,Dead,Humanoid,Narnia Dimension,1,https://rickandmortyapi.com/api/character/avatar/682.jpeg
Evolved Narnian ,Male,Alive,Humanoid,Narnia Dimension,1,https://rickandmortyapi.com/api/character/avatar/683.jpeg
Mr. Nimbus Secretary ,Female,Alive,Animal,Earth (Replacement Dimension),1,https://rickandmortyapi.com/api/character/avatar/684.jpeg
Evolved Narnian Disguised as Morty ,Male,Alive,Humanoid,Narnia Dimension,1,https://rickandmortyapi.com/api/character/avatar/685.jpeg
Mr. Nimbus' Squid ,Male,Dead,Animal,Earth (Replacement Dimension),1,https://rickandmortyapi.com/api/character/avatar/686.jpeg
Scarecrow Rick ,Male,Dead,Robot,Earth (Replacement Dimension),1,https://rickandmortyapi.com/api/character/avatar/687.jpeg
Scarecrow Summer ,Female,Dead,Robot,Earth (Replacement Dimension),1,https://rickandmortyapi.com/api/character/avatar/688.jpeg
Scarecrow Jerry ,Male,Dead,Robot,Earth (Replacement Dimension),1,https://rickandmortyapi.com/api/character/avatar/689.jpeg
Scarecrow Morty ,Male,Dead,Robot,Earth (Replacement Dimension),1,https://rickandmortyapi.com/api/character/avatar/690.jpeg
Scarecrow Beth ,Female,Dead,Robot,Earth (Replacement Dimension),1,https://rickandmortyapi.com/api/character/avatar/691.jpeg
Glockenspiel Jerry ,Male,Alive,Robot,Earth (Replacement Dimension),1,https://rickandmortyapi.com/api/character/avatar/692.jpeg
Glockenspiel Beth ,Female,Dead,Robot,Earth (Replacement Dimension),1,https://rickandmortyapi.com/api/character/avatar/693.jpeg
Glockenspiel Rick ,Male,Dead,Robot,Earth (Replacement Dimension),1,https://rickandmortyapi.com/api/character/avatar/694.jpeg
Glockenspiel Summer ,Female,Dead,Robot,Earth (Replacement Dimension),1,https://rickandmortyapi.com/api/character/avatar/695.jpeg
Glockenspiel Morty ,Male,Dead,Robot,Earth (Replacement Dimension),1,https://rickandmortyapi.com/api/character/avatar/696.jpeg
Wicker Beth ,Female,Dead,Robot,Earth (Replacement Dimension),1,https://rickandmortyapi.com/api/character/avatar/697.jpeg
Wicker Rick ,Male,Dead,Robot,Earth (Replacement Dimension),1,https://rickandmortyapi.com/api/character/avatar/698.jpeg
Wicker Morty ,Male,Dead,Robot,Earth (Replacement Dimension),1,https://rickandmortyapi.com/api/character/avatar/699.jpeg
Wicker Summer ,Female,Dead,Robot,Earth (Replacement Dimension),1,https://rickandmortyapi.com/api/character/avatar/700.jpeg
Metal Rick ,Male,Dead,Robot,Earth (Replacement Dimension),1,https://rickandmortyapi.com/api/character/avatar/701.jpeg
Gun Brain Rick ,Male,Dead,Robot,Earth (Replacement Dimension),1,https://rickandmortyapi.com/api/character/avatar/702.jpeg
Mr. Always Wants to be Hunted ,Male,Alive,Poopybutthole,Earth (Replacement Dimension),1,https://rickandmortyapi.com/api/character/avatar/703.jpeg
Squid Costume Beth ,Female,Dead,Robot,Earth (Replacement Dimension),1,https://rickandmortyapi.com/api/character/avatar/704.jpeg
Squid Costume Jerry ,Male,Dead,Robot,Earth (Replacement Dimension),1,https://rickandmortyapi.com/api/character/avatar/705.jpeg
Squid Costume Morty ,Male,Dead,Robot,Earth (Replacement Dimension),1,https://rickandmortyapi.com/api/character/avatar/706.jpeg
Squid Costume Rick ,Male,Dead,Robot,Earth (Replacement Dimension),1,https://rickandmortyapi.com/api/character/avatar/707.jpeg
Squid Costume Summer ,Female,Dead,Robot,Earth (Replacement Dimension),1,https://rickandmortyapi.com/api/character/avatar/708.jpeg
Dracula ,Male,Alive,Mythological Creature,Interdimensional Cable,1,https://rickandmortyapi.com/api/character/avatar/709.jpeg
Steve III,Male,Alive,Human,Earth (Replacement Dimension),1,https://rickandmortyapi.com/api/character/avatar/710.jpeg
When Wolf ,Male,Alive,Mythological Creature,Interdimensional Cable,1,https://rickandmortyapi.com/api/character/avatar/711.jpeg
Too Cute to Murder Beth ,Female,Dead,Robot,Earth (Replacement Dimension),1,https://rickandmortyapi.com/api/character/avatar/712.jpeg
Too Cute to Murder Rick ,Male,Dead,Robot,Earth (Replacement Dimension),1,https://rickandmortyapi.com/api/character/avatar/713.jpeg
Too Cute to Murder Jerry ,Male,Dead,Robot,Earth (Replacement Dimension),1,https://rickandmortyapi.com/api/character/avatar/714.jpeg
Too Cute to Murder Morty ,Male,Dead,Robot,Earth (Replacement Dimension),1,https://rickandmortyapi.com/api/character/avatar/715.jpeg
Too Cute to Murder Summer ,Female,Dead,Robot,Earth (Replacement Dimension),1,https://rickandmortyapi.com/api/character/avatar/716.jpeg
Planetina ,Female,Alive,Humanoid,Earth (Replacement Dimension),1,https://rickandmortyapi.com/api/character/avatar/717.jpeg
Daphne ,Female,Alive,Alien,Ferkus 9,1,https://rickandmortyapi.com/api/character/avatar/718.jpeg
Diesel Weasel ,Male,Alive,Animal,Earth (Replacement Dimension),1,https://rickandmortyapi.com/api/character/avatar/719.jpeg
Eddie ,Male,Dead,Human,Earth (Replacement Dimension),1,https://rickandmortyapi.com/api/character/avatar/720.jpeg
Xing Ho ,Female,Dead,Human,Earth (Replacement Dimension),1,https://rickandmortyapi.com/api/character/avatar/721.jpeg
Air Tina-Teer ,Female,Dead,Human,Earth (Replacement Dimension),1,https://rickandmortyapi.com/api/character/avatar/722.jpeg
Water Tina-Teer ,Male,Dead,Human,Earth (Replacement Dimension),1,https://rickandmortyapi.com/api/character/avatar/723.jpeg
Planetina Buyer ,Male,Dead,Human,Earth (Replacement Dimension),1,https://rickandmortyapi.com/api/character/avatar/724.jpeg
Tony Galopagus ,Male,Alive,Human,Earth (Replacement Dimension),1,https://rickandmortyapi.com/api/character/avatar/725.jpeg
Sticky ,Male,Alive,unknown,Earth (Replacement Dimension),1,https://rickandmortyapi.com/api/character/avatar/726.jpeg
Professor Shabooboo ,Male,Dead,Human,Earth (Replacement Dimension),1,https://rickandmortyapi.com/api/character/avatar/727.jpeg
Sperm Queen ,Female,Dead,unknown,Earth (Replacement Dimension),1,https://rickandmortyapi.com/api/character/avatar/728.jpeg
CHUD King ,Male,Alive,Animal,Earth (Replacement Dimension),1,https://rickandmortyapi.com/api/character/avatar/729.jpeg
Princess Ponietta ,Female,Alive,Animal,Earth (Replacement Dimension),1,https://rickandmortyapi.com/api/character/avatar/730.jpeg
Naruto Smith ,Male,Alive,Humanoid,Space,2,https://rickandmortyapi.com/api/character/avatar/731.jpeg
Blazen ,Male,Dead,Human,Earth (Replacement Dimension),1,https://rickandmortyapi.com/api/character/avatar/732.jpeg
Kathy Ireland ,Female,Alive,Human,Earth (Replacement Dimension),1,https://rickandmortyapi.com/api/character/avatar/733.jpeg
Amazing Johnathan ,Male,Alive,Human,Earth (Replacement Dimension),1,https://rickandmortyapi.com/api/character/avatar/734.jpeg
Foal Sanchez ,unknown,Alive,Humanoid,Earth (Replacement Dimension),1,https://rickandmortyapi.com/api/character/avatar/735.jpeg
Spaceman ,Male,Dead,Human,Space,1,https://rickandmortyapi.com/api/character/avatar/736.jpeg
Cirque du Soleil Zumanity Member ,Female,Alive,Human,Earth (Replacement Dimension),1,https://rickandmortyapi.com/api/character/avatar/737.jpeg
Cirque du Soleil Zumanity Member II,Male,Alive,Human,Earth (Replacement Dimension),1,https://rickandmortyapi.com/api/character/avatar/738.jpeg
Cirque du Soleil Zumanity Member III,Female,Alive,Human,Earth (Replacement Dimension),1,https://rickandmortyapi.com/api/character/avatar/739.jpeg
Cirque du Soleil Zumanity Member IV,Female,Dead,Human,Earth (Replacement Dimension),1,https://rickandmortyapi.com/api/character/avatar/740.jpeg
Cirque du Soleil Zumanity Member V,Female,Alive,Human,Earth (Replacement Dimension),1,https://rickandmortyapi.com/api/character/avatar/741.jpeg
Bruce Chutback ,Male,Alive,Human,Earth (Replacement Dimension),1,https://rickandmortyapi.com/api/character/avatar/742.jpeg
Alyson Hannigan ,Female,Dead,Alien,Z. Q. P. D.,1,https://rickandmortyapi.com/api/character/avatar/743.jpeg
Cenobite ,Male,unknown,Mythological Creature,Hell,1,https://rickandmortyapi.com/api/character/avatar/744.jpeg
Cenobite II,Female,unknown,Mythological Creature,Hell,1,https://rickandmortyapi.com/api/character/avatar/745.jpeg
Cenobite III,Male,unknown,Mythological Creature,Hell,1,https://rickandmortyapi.com/api/character/avatar/746.jpeg
Cenobite IV,Male,unknown,Mythological Creature,Hell,1,https://rickandmortyapi.com/api/character/avatar/747.jpeg
Cenobite V,Male,unknown,Mythological Creature,Hell,1,https://rickandmortyapi.com/api/character/avatar/748.jpeg
Coat Rack Head ,Male,unknown,Mythological Creature,Hell,1,https://rickandmortyapi.com/api/character/avatar/749.jpeg
Mousetrap Nipples ,Male,unknown,Mythological Creature,Hell,1,https://rickandmortyapi.com/api/character/avatar/750.jpeg
Changeformer ,Male,Dead,Robot,Space Tahoe,1,https://rickandmortyapi.com/api/character/avatar/751.jpeg
Changeformer II,Male,Dead,Robot,Space Tahoe,1,https://rickandmortyapi.com/api/character/avatar/752.jpeg
Space Cruiser ,Female,Alive,Robot,Earth (Replacement Dimension),2,https://rickandmortyapi.com/api/character/avatar/753.jpeg
Coop ,Male,Alive,Human,Earth (Replacement Dimension),1,https://rickandmortyapi.com/api/character/avatar/754.jpeg
Dwayne ,Male,Alive,Human,Earth (Replacement Dimension),1,https://rickandmortyapi.com/api/character/avatar/755.jpeg
Franklin D. Roosevelt ,Male,Dead,Humanoid,Earth (Replacement Dimension),1,https://rickandmortyapi.com/api/character/avatar/756.jpeg
President's General ,Male,Alive,Human,Earth (Replacement Dimension),2,https://rickandmortyapi.com/api/character/avatar/757.jpeg
Giant Assassin Hidden in the Statue of Liberty ,Female,Alive,Robot,Earth (Replacement Dimension),1,https://rickandmortyapi.com/api/character/avatar/758.jpeg
Turkey Morty ,Male,Alive,Animal,Earth (Replacement Dimension),1,https://rickandmortyapi.com/api/character/avatar/759.jpeg
Turkey Rick ,Male,Alive,Animal,Earth (Replacement Dimension),1,https://rickandmortyapi.com/api/character/avatar/760.jpeg
Turkey President Curtis ,Male,Alive,Animal,Earth (Replacement Dimension),1,https://rickandmortyapi.com/api/character/avatar/761.jpeg
Martnez ,Male,Dead,Animal,Earth (Replacement Dimension),1,https://rickandmortyapi.com/api/character/avatar/762.jpeg
Marvin ,Male,Alive,Human,Earth (Replacement Dimension),1,https://rickandmortyapi.com/api/character/avatar/763.jpeg
Jackey ,Male,Alive,Human,Earth (Replacement Dimension),1,https://rickandmortyapi.com/api/character/avatar/764.jpeg
Native Alien ,Male,Alive,Alien,Earth (Replacement Dimension),1,https://rickandmortyapi.com/api/character/avatar/765.jpeg
Pilgrim Alien ,Male,Alive,Alien,Earth (Replacement Dimension),1,https://rickandmortyapi.com/api/character/avatar/766.jpeg
President Turkey ,Male,Dead,Humanoid,Earth (Replacement Dimension),1,https://rickandmortyapi.com/api/character/avatar/767.jpeg
Mary-Lou ,Female,Alive,Human,Earth (Replacement Dimension),1,https://rickandmortyapi.com/api/character/avatar/768.jpeg
Big Fat rick ,Male,unknown,Human,Earth (Replacement Dimension),1,https://rickandmortyapi.com/api/character/avatar/769.jpeg
Hothead Rick ,Male,Dead,Human,Earth (Replacement Dimension),1,https://rickandmortyapi.com/api/character/avatar/770.jpeg
Ricardo Montoya ,Male,unknown,Human,Earth (Replacement Dimension),1,https://rickandmortyapi.com/api/character/avatar/771.jpeg
Wrap-it-up Little Rick ,Male,Dead,Human,Earth (Replacement Dimension),1,https://rickandmortyapi.com/api/character/avatar/772.jpeg
Yo-yo Rick ,Male,unknown,Human,Earth (Replacement Dimension),1,https://rickandmortyapi.com/api/character/avatar/773.jpeg
Voiceoverian ,unknown,Dead,Alien,Earth (Replacement Dimension),1,https://rickandmortyapi.com/api/character/avatar/774.jpeg
Voiceoverian II,unknown,Dead,Alien,Earth (Replacement Dimension),1,https://rickandmortyapi.com/api/character/avatar/775.jpeg
Gotron Pilot ,Male,Dead,Human,Earth (Replacement Dimension),1,https://rickandmortyapi.com/api/character/avatar/776.jpeg
Gotron Pilot II,Male,Dead,Human,Earth (Replacement Dimension),1,https://rickandmortyapi.com/api/character/avatar/777.jpeg
Gotron Pilot III,Male,Dead,Human,Earth (Replacement Dimension),1,https://rickandmortyapi.com/api/character/avatar/778.jpeg
Young Memory Rick ,Male,Alive,Human,Rick's Memories,1,https://rickandmortyapi.com/api/character/avatar/779.jpeg
Memory Tammy ,Female,Dead,Human,Birdperson's Consciousness,1,https://rickandmortyapi.com/api/character/avatar/780.jpeg
Rick's Garage ,Female,Alive,Robot,Earth (Replacement Dimension),1,https://rickandmortyapi.com/api/character/avatar/781.jpeg
Memory Squanchy ,Male,Dead,Alien,Birdperson's Consciousness,1,https://rickandmortyapi.com/api/character/avatar/782.jpeg
Memory Rick ,Male,Dead,Human,Birdperson's Consciousness,1,https://rickandmortyapi.com/api/character/avatar/783.jpeg
Memory Rick II,Male,Dead,Human,Birdperson's Consciousness,1,https://rickandmortyapi.com/api/character/avatar/784.jpeg
Memory Geardude ,Male,Dead,Alien,Birdperson's Consciousness,1,https://rickandmortyapi.com/api/character/avatar/785.jpeg
Birdperson & Tammy's Child ,Female,Alive,Humanoid,Earth (Replacement Dimension),1,https://rickandmortyapi.com/api/character/avatar/786.jpeg
Two Crows ,unknown,Alive,Animal,Rick and Two Crows Planet,2,https://rickandmortyapi.com/api/character/avatar/787.jpeg
Mr. Cookie President ,Male,Alive,Alien,Earth (Replacement Dimension),1,https://rickandmortyapi.com/api/character/avatar/788.jpeg
Nick ,Male,Dead,Human,Earth (Replacement Dimension),1,https://rickandmortyapi.com/api/character/avatar/789.jpeg
Harold (Garbage Goober) ,Male,Alive,Alien,Earth (Replacement Dimension),1,https://rickandmortyapi.com/api/character/avatar/790.jpeg
Harold's Wife ,Female,Alive,Alien,Earth (Replacement Dimension),1,https://rickandmortyapi.com/api/character/avatar/791.jpeg
Alien Crow ,Male,Dead,Alien,Avian Planet,1,https://rickandmortyapi.com/api/character/avatar/792.jpeg
Alien Crow II,Female,Dead,Alien,Avian Planet,1,https://rickandmortyapi.com/api/character/avatar/793.jpeg
Samansky ,Male,Dead,Alien,Earth (Replacement Dimension),1,https://rickandmortyapi.com/api/character/avatar/794.jpeg
Palicki ,Male,Alive,Alien,Normal Size Bug Dimension,1,https://rickandmortyapi.com/api/character/avatar/795.jpeg
Sarge II,Male,Alive,Alien,Normal Size Bug Dimension,1,https://rickandmortyapi.com/api/character/avatar/796.jpeg
Slartivartian ,Male,Dead,Alien,Slartivart,1,https://rickandmortyapi.com/api/character/avatar/797.jpeg
Ferkusian ,Male,Alive,Alien,Ferkus 9,1,https://rickandmortyapi.com/api/character/avatar/798.jpeg
Morglutzian ,Male,Dead,Alien,Morglutz,1,https://rickandmortyapi.com/api/character/avatar/799.jpeg
Super Turkey ,Male,Dead,Humanoid,Earth (Replacement Dimension),1,https://rickandmortyapi.com/api/character/avatar/800.jpeg
7+7 Years Old Morty ,Male,unknown,Human,Citadel of Ricks,1,https://rickandmortyapi.com/api/character/avatar/801.jpeg
26 Years Old Morty ,Male,Dead,Human,Citadel of Ricks,1,https://rickandmortyapi.com/api/character/avatar/802.jpeg
40 Years Old Morty ,Male,unknown,Human,Citadel of Ricks,1,https://rickandmortyapi.com/api/character/avatar/803.jpeg
Andy ,Male,unknown,Human,Citadel of Ricks,1,https://rickandmortyapi.com/api/character/avatar/804.jpeg
Baby Mouse Skin Morty ,Male,Alive,Human,Citadel of Ricks,1,https://rickandmortyapi.com/api/character/avatar/805.jpeg
Metaphor for Capitalism ,Male,Dead,Humanoid,Citadel of Ricks,1,https://rickandmortyapi.com/api/character/avatar/806.jpeg
Beth Sanchez II,Female,Dead,Human,Rick's Memories,1,https://rickandmortyapi.com/api/character/avatar/807.jpeg
Crow Scare ,Male,Alive,Humanoid,Rick and Two Crows Planet,1,https://rickandmortyapi.com/api/character/avatar/808.jpeg
Pussifer ,Male,Dead,Animal,Rick and Two Crows Planet,1,https://rickandmortyapi.com/api/character/avatar/809.jpeg
Stan Lee Rick ,Male,unknown,Human,Citadel of Ricks,1,https://rickandmortyapi.com/api/character/avatar/810.jpeg
Re-Build-a-Morty Morty ,Male,unknown,Human,Citadel of Ricks,1,https://rickandmortyapi.com/api/character/avatar/811.jpeg
Deformed Morty ,Male,Dead,Humanoid,Citadel of Ricks,1,https://rickandmortyapi.com/api/character/avatar/812.jpeg
Crow Horse ,unknown,Alive,Robot,Earth (Replacement Dimension),1,https://rickandmortyapi.com/api/character/avatar/813.jpeg
Bald Rick ,Male,Dead,Human,Rick's Memories,1,https://rickandmortyapi.com/api/character/avatar/814.jpeg
Punk Rick ,Male,Dead,Human,Rick's Memories,1,https://rickandmortyapi.com/api/character/avatar/815.jpeg
Party Rick ,Male,Dead,Human,Rick's Memories,1,https://rickandmortyapi.com/api/character/avatar/816.jpeg
Scar Rick ,Male,Dead,Human,Rick's Memories,1,https://rickandmortyapi.com/api/character/avatar/817.jpeg
Long Hair Rick ,Male,unknown,Human,Citadel of Ricks,1,https://rickandmortyapi.com/api/character/avatar/818.jpeg
Redhead Rick ,Male,Dead,Human,Citadel of Ricks,1,https://rickandmortyapi.com/api/character/avatar/819.jpeg
Redhead Morty ,Male,Dead,Human,Citadel of Ricks,1,https://rickandmortyapi.com/api/character/avatar/820.jpeg
Gotron ,Genderless,unknown,Robot,Earth (Replacement Dimension),1,https://rickandmortyapi.com/api/character/avatar/821.jpeg
Young Jerry ,Male,unknown,Human,Earth (Unknown dimension),1,https://rickandmortyapi.com/api/character/avatar/822.jpeg
Young Beth ,Female,unknown,Human,Earth (Unknown dimension),1,https://rickandmortyapi.com/api/character/avatar/823.jpeg
Young Beth II,Female,unknown,Human,Earth (Unknown dimension),1,https://rickandmortyapi.com/api/character/avatar/824.jpeg
Young Jerry II,Male,unknown,Human,Earth (Unknown dimension),1,https://rickandmortyapi.com/api/character/avatar/825.jpeg
Butter Robot ,Genderless,Alive,Robot,Earth (Replacement Dimension),1,https://rickandmortyapi.com/api/character/avatar/826.jpeg
